浦发银行,浦发银行
邯郸钢铁,邯郸钢铁
齐鲁石化,齐鲁石化
ST东北高,ST东北高
白云机场,白云机场
武钢股份,武钢股份
东风汽车,东风汽车
中国国贸,中国国贸
首创股份,首创股份
上海机场,上海机场
包钢股份,包钢股份
华能国际,华能国际
皖通高速,皖通高速
华夏银行,华夏银行
民生银行,民生银行
日照港,日照港
上港集团,上港集团
宝钢股份,宝钢股份
中原高速,中原高速
上海电力,上海电力
山东钢铁,山东钢铁
浙能电力,浙能电力
华能水电,华能水电
中远海能,中远海能
华电国际,华电国际
中国石化,中国石化
南方航空,南方航空
中信证券,中信证券
三一重工,三一重工
福建高速,福建高速
楚天高速,楚天高速
招商银行,招商银行
歌华有线,歌华有线
中直股份,中直股份
四川路桥,四川路桥
保利地产,保利地产
中国联通,中国联通
宁波联合,宁波联合
浙江广厦,浙江广厦
九鼎投资,九鼎投资
黄山旅游,黄山旅游
万东医疗,万东医疗
中国医药,中国医药
象屿股份,象屿股份
五矿发展,五矿发展
古越龙山,古越龙山
海信电器,海信电器
国投资本,国投资本
华润双鹤,华润双鹤
皖维高新,皖维高新
南京高科,南京高科
*ST联谊,*ST联谊
宇通客车,宇通客车
冠城大通,冠城大通
葛洲坝,葛洲坝
银鸽投资,银鸽投资
浙江富润,浙江富润
凤凰光学,凤凰光学
中船科技,中船科技
上海梅林,上海梅林
ST保千里,ST保千里
新疆天业,新疆天业
康欣新材,康欣新材
宋都股份,宋都股份
澄星股份,澄星股份
人福医药,人福医药
金花股份,金花股份
东风科技,东风科技
海泰发展,海泰发展
博信股份,博信股份
中葡股份,中葡股份
同仁堂,同仁堂
东方金钰,东方金钰
退市长油,退市长油
中视传媒,中视传媒
特变电工,特变电工
同济堂,同济堂
ST明科,ST明科
S*ST精密,S*ST精密
易见股份,易见股份
大名城,大名城
哈高科,哈高科
云天化,云天化
开创国际,开创国际
广州发展,广州发展
林海股份,林海股份
同方股份,同方股份
明星电力,明星电力
莱钢股份,莱钢股份
青山纸业,青山纸业
上汽集团,上汽集团
永鼎股份,永鼎股份
重庆路桥,重庆路桥
美尔雅,美尔雅
亚盛集团,亚盛集团
国金证券,国金证券
诺德股份,诺德股份
北方稀土,北方稀土
*ST天成,*ST天成
浙江东日,浙江东日
东睦股份,东睦股份
东方航空,东方航空
三峡水利,三峡水利
西宁特钢,西宁特钢
中国卫星,中国卫星
长江投资,长江投资
浙江东方,浙江东方
*ST郑煤,*ST郑煤
宏图高科,宏图高科
兰花科创,兰花科创
铁龙物流,铁龙物流
杭钢股份,杭钢股份
金健米业,金健米业
弘业股份,弘业股份
太极集团,太极集团
波导股份,波导股份
岷江水电,岷江水电
重庆啤酒,重庆啤酒
东湖高新,东湖高新
乐凯胶片,乐凯胶片
当代明诚,当代明诚
浪莎股份,浪莎股份
中青旅,中青旅
西部资源,西部资源
兴发集团,兴发集团
金发科技,金发科技
*ST新亿,*ST新亿
商赢环球,商赢环球
长春一东,长春一东
*ST坊展,*ST坊展
中国船舶,中国船舶
航天机电,航天机电
维科精华,维科精华
建发股份,建发股份
宝硕股份,宝硕股份
华升股份,华升股份
永泰能源,永泰能源
中体产业,中体产业
大龙地产,大龙地产
巨化股份,巨化股份
天坛生物,天坛生物
香江控股,香江控股
中闽能源,中闽能源
新日恒力,新日恒力
福田汽车,福田汽车
联美控股,联美控股
武汉控股,武汉控股
太原重工,太原重工
上海建工,上海建工
上海贝岭,上海贝岭
黄河旋风,黄河旋风
卧龙地产,卧龙地产
美都能源,美都能源
中国巨石,中国巨石
雅戈尔,雅戈尔
东安动力,东安动力
安通控股,安通控股
瑞茂通,瑞茂通
S*ST云大,S*ST云大
S佳通,S佳通
生益科技,生益科技
光电股份,光电股份
格力地产,格力地产
莲花健康,莲花健康
国中水务,国中水务
兖州煤业,兖州煤业
吉林森工,吉林森工
锦州港,锦州港
华资实业,华资实业
长城电工,长城电工
创兴资源,创兴资源
中牧股份,中牧股份
复星医药,复星医药
伊力特,伊力特
大唐电信,大唐电信
金种子酒,金种子酒
江苏吴中,江苏吴中
生物股份,生物股份
哈空调,哈空调
福日电子,福日电子
S山东铝,S山东铝
有研新材,有研新材
安彩高科,安彩高科
新湖中宝,新湖中宝
罗顿发展,罗顿发展
紫江企业,紫江企业
西藏药业,西藏药业
江泉实业,江泉实业
亚星客车,亚星客车
长春经开,长春经开
浙江医药,浙江医药
中再资环,中再资环
全柴动力,全柴动力
南山铝业,南山铝业
江苏阳光,江苏阳光
海航控股,海航控股
太龙药业,太龙药业
鲁商置业,鲁商置业
*ST松江,*ST松江
瀚叶股份,瀚叶股份
赤天化,赤天化
*ST昌九,*ST昌九
城市传媒,城市传媒
沧州大化,沧州大化
凌钢股份,凌钢股份
金鹰股份,金鹰股份
圆通速递,圆通速递
ST山水,ST山水
民丰特纸,民丰特纸
桂冠电力,桂冠电力
铜峰电子,铜峰电子
海南椰岛,海南椰岛
云南城投,云南城投
华业资本,华业资本
时代万恒,时代万恒
中昌数据,中昌数据
青海华鼎,青海华鼎
万通地产,万通地产
ST成城,ST成城
延长化建,延长化建
两面针,两面针
南纺股份,南纺股份
冠农股份,冠农股份
中恒集团,中恒集团
天方药业,天方药业
梦舟股份,梦舟股份
广汇能源,广汇能源
大湖股份,大湖股份
首旅酒店,首旅酒店
广晟有色,广晟有色
凯乐科技,凯乐科技
阳光照明,阳光照明
北方股份,北方股份
路桥建设,路桥建设
ST景谷,ST景谷
北京城建,北京城建
海正药业,海正药业
国电南自,国电南自
赣粤高速,赣粤高速
外运发展,外运发展
航天信息,航天信息
开开实业,开开实业
嘉化能源,嘉化能源
*ST昌鱼,*ST昌鱼
恒瑞医药,恒瑞医药
亿利洁能,亿利洁能
东方创业,东方创业
重庆港九,重庆港九
中央商场,中央商场
太化股份,太化股份
南钢股份,南钢股份
钱江水利,钱江水利
浦东建设,浦东建设
羚锐制药,羚锐制药
S*ST国瓷,S*ST国瓷
江苏舜天,江苏舜天
大恒科技,大恒科技
ST信通,ST信通
华仪电气,华仪电气
西水股份,西水股份
远达环保,远达环保
三峡新材,三峡新材
鄂尔多斯,鄂尔多斯
S兰铝,S兰铝
广汇汽车,广汇汽车
安琪酵母,安琪酵母
安迪苏,安迪苏
维维股份,维维股份
ST南化,ST南化
标准股份,标准股份
曙光股份,曙光股份
恒顺醋业,恒顺醋业
商业城,商业城
酒钢宏兴,酒钢宏兴
华泰股份,华泰股份
万华化学,万华化学
桂东电力,桂东电力
荣华实业,荣华实业
平高电气,平高电气
农发种业,农发种业
上海家化,上海家化
洪都航空,洪都航空
营口港,营口港
新力金融,新力金融
亚星化学,亚星化学
振华重工,振华重工
正源股份,正源股份
天房发展,天房发展
瀚蓝环境,瀚蓝环境
华发股份,华发股份
西藏天路,西藏天路
大东方,大东方
兰太实业,兰太实业
中新药业,中新药业
天通股份,天通股份
宏达股份,宏达股份
白云山,白云山
长春燃气,长春燃气
国机汽车,国机汽车
澳柯玛,澳柯玛
美克家居,美克家居
西藏珠峰,西藏珠峰
中油工程,中油工程
华夏幸福,华夏幸福
航天动力,航天动力
长江通信,长江通信
恒力股份,恒力股份
阳泉煤业,阳泉煤业
富通昭和,富通昭和
山东高速,山东高速
亚宝药业,亚宝药业
浙江龙盛,浙江龙盛
旭光股份,旭光股份
敦煌种业,敦煌种业
精伦电子,精伦电子
恒丰纸业,恒丰纸业
承德钒钛,承德钒钛
国旅联合,国旅联合
新农开发,新农开发
华微电子,华微电子
华联综超,华联综超
江西铜业,江西铜业
联创光电,联创光电
通葡股份,通葡股份
宁波韵升,宁波韵升
红星发展,红星发展
五洲交通,五洲交通
西南证券,西南证券
三房巷,三房巷
万向德农,万向德农
中航电子,中航电子
中文传媒,中文传媒
华菱星马,华菱星马
首开股份,首开股份
宁沪高速,宁沪高速
天科股份,天科股份
宝光股份,宝光股份
健康元,健康元
青海春天,青海春天
广东明珠,广东明珠
金地集团,金地集团
山东金泰,山东金泰
北巴传媒,北巴传媒
海越股份,海越股份
龙净环保,龙净环保
江山股份,江山股份
五矿资本,五矿资本
航发科技,航发科技
盛和资源,盛和资源
粤泰股份,粤泰股份
盘江股份,盘江股份
金山股份,金山股份
安源煤业,安源煤业
海澜之家,海澜之家
抚顺特钢,抚顺特钢
红豆股份,红豆股份
*ST海润,*ST海润
*ST大有,*ST大有
动力源,动力源
国电南瑞,国电南瑞
安泰集团,安泰集团
三友化工,三友化工
华胜天成,华胜天成
小商品城,小商品城
湘电股份,湘电股份
江淮汽车,江淮汽车
天润乳业,天润乳业
现代制药,现代制药
ST仰帆,ST仰帆
昆药集团,昆药集团
*ST柳化,*ST柳化
*ST青松,*ST青松
华鲁恒升,华鲁恒升
中远海特,中远海特
三元股份,三元股份
*ST吉恩,*ST吉恩
冠豪高新,冠豪高新
北方导航,北方导航
片仔癀,片仔癀
通威股份,通威股份
瑞贝卡,瑞贝卡
国机通用,国机通用
金证股份,金证股份
华纺股份,华纺股份
宁夏建材,宁夏建材
涪陵电力,涪陵电力
博通股份,博通股份
宝钛股份,宝钛股份
时代新材,时代新材
贵研铂业,贵研铂业
士兰微,士兰微
洪城水业,洪城水业
九有股份,九有股份
空港股份,空港股份
蓝光发展,蓝光发展
好当家,好当家
百利电气,百利电气
风神股份,风神股份
六国化工,六国化工
包头铝业,包头铝业
华光股份,华光股份
湘邮科技,湘邮科技
杭萧钢构,杭萧钢构
科力远,科力远
千金药业,千金药业
凌云股份,凌云股份
双良节能,双良节能
中国动力,中国动力
福能股份,福能股份
信威集团,信威集团
扬农化工,扬农化工
亨通光电,亨通光电
天药股份,天药股份
中金黄金,中金黄金
鹏欣资源,鹏欣资源
龙元建设,龙元建设
凤竹纺织,凤竹纺织
晋西车轴,晋西车轴
精工钢构,精工钢构
驰宏锌锗,驰宏锌锗
烽火通信,烽火通信
科达洁能,科达洁能
中化国际,中化国际
航天晨光,航天晨光
安徽水利,安徽水利
华丽家族,华丽家族
西昌电力,西昌电力
香梨股份,香梨股份
方大特钢,方大特钢
上海能源,上海能源
天富能源,天富能源
黑牡丹,黑牡丹
国药股份,国药股份
腾达建设,腾达建设
联环药业,联环药业
海航基础,海航基础
方大炭素,方大炭素
置信电气,置信电气
康美药业,康美药业
贵州茅台,贵州茅台
文一科技,文一科技
华海药业,华海药业
中天科技,中天科技
贵航股份,贵航股份
长园集团,长园集团
菲达环保,菲达环保
江南高纤,江南高纤
中铁工业,中铁工业
山东药玻,山东药玻
交大昂立,交大昂立
豫光金铅,豫光金铅
宏达矿业,宏达矿业
栖霞建设,栖霞建设
天士力,天士力
中国软件,中国软件
亿晶光电,亿晶光电
国发股份,国发股份
狮头股份,狮头股份
*ST新赛,*ST新赛
莫高股份,莫高股份
卓郎智能,卓郎智能
山煤国际,山煤国际
山东黄金,山东黄金
深高速,深高速
厦门钨业,厦门钨业
保变电气,保变电气
时代出版,时代出版
凯盛科技,凯盛科技
太行水泥,太行水泥
海航创新,海航创新
ST慧球,ST慧球
康缘药业,康缘药业
大西洋,大西洋
老白干酒,老白干酒
金自天正,金自天正
江西长运,江西长运
国睿科技,国睿科技
法拉电子,法拉电子
迪马股份,迪马股份
济川药业,济川药业
山鹰纸业,山鹰纸业
中珠医疗,中珠医疗
安阳钢铁,安阳钢铁
恒生电子,恒生电子
信雅达,信雅达
康恩贝,康恩贝
惠泉啤酒,惠泉啤酒
皖江物流,皖江物流
祥源文化,祥源文化
精达股份,精达股份
京能电力,京能电力
天华院,天华院
卧龙电气,卧龙电气
八一钢铁,八一钢铁
天地科技,天地科技
海油工程,海油工程
长电科技,长电科技
海螺水泥,海螺水泥
金晶科技,金晶科技
新华医疗,新华医疗
用友网络,用友网络
广东榕泰,广东榕泰
泰豪科技,泰豪科技
*ST上航,*ST上航
龙溪股份,龙溪股份
大连圣亚,大连圣亚
益佰制药,益佰制药
中孚实业,中孚实业
新安股份,新安股份
光明乳业,光明乳业
北大荒,北大荒
熊猫金控,熊猫金控
青岛啤酒,青岛啤酒
方正科技,方正科技
云赛智联,云赛智联
广汇物流,广汇物流
市北高新,市北高新
汇通能源,汇通能源
绿地控股,绿地控股
上实医药,上实医药
ST沪科,ST沪科
金杯汽车,金杯汽车
中毅达,中毅达
大众交通,大众交通
老凤祥,老凤祥
神奇制药,神奇制药
鹏起科技,鹏起科技
丰华股份,丰华股份
金枫酒业,金枫酒业
国新能源,国新能源
氯碱化工,氯碱化工
海立股份,海立股份
天宸股份,天宸股份
华鑫股份,华鑫股份
光大嘉宝,光大嘉宝
华谊集团,华谊集团
复旦复华,复旦复华
PT水仙,PT水仙
申达股份,申达股份
上电股份,上电股份
新世界,新世界
华建集团,华建集团
龙头股份,龙头股份
百联股份,百联股份
华联商厦,华联商厦
浙数文化,浙数文化
富控互动,富控互动
大众公用,大众公用
*ST爱富,*ST爱富
东方明珠,东方明珠
新黄浦,新黄浦
浦东金桥,浦东金桥
号百控股,号百控股
万业企业,万业企业
申能股份,申能股份
爱建集团,爱建集团
乐山电力,乐山电力
中源协和,中源协和
ST国嘉,ST国嘉
同达创业,同达创业
外高桥,外高桥
城投控股,城投控股
锦江投资,锦江投资
飞乐音响,飞乐音响
游久游戏,游久游戏
申华控股,申华控股
*ST中安,*ST中安
豫园股份,豫园股份
退市博元,退市博元
信达地产,信达地产
电子城,电子城
*ST花雕,*ST花雕
福耀玻璃,福耀玻璃
新南洋,新南洋
强生控股,强生控股
陆家嘴,陆家嘴
哈药股份,哈药股份
天地源,天地源
奥瑞德,奥瑞德
太极实业,太极实业
尖峰集团,尖峰集团
*ST鞍成,*ST鞍成
*ST斯达,*ST斯达
天目药业,天目药业
*ST华圣,*ST华圣
东阳光科,东阳光科
川投能源,川投能源
中华企业,中华企业
交运股份,交运股份
航天通信,航天通信
四川金顶,四川金顶
上海凤凰,上海凤凰
*ST上普,*ST上普
百川能源,百川能源
南京新百,南京新百
京投发展,京投发展
珠江实业,珠江实业
中船防务,中船防务
金龙汽车,金龙汽车
刚泰控股,刚泰控股
上海石化,上海石化
上海三毛,上海三毛
青岛海尔,青岛海尔
阳煤化工,阳煤化工
亚通股份,亚通股份
东百集团,东百集团
大商股份,大商股份
绿庭投资,绿庭投资
ST匹凸,ST匹凸
欧亚集团,欧亚集团
湖南天雁,湖南天雁
均胜电子,均胜电子
*ST数码,*ST数码
工大高新,工大高新
舍得酒业,舍得酒业
三安光电,三安光电
物产中大,物产中大
中航资本,中航资本
曲江文旅,曲江文旅
彩虹股份,彩虹股份
光明地产,光明地产
ST生态,ST生态
苏美达,苏美达
盛屯矿业,盛屯矿业
南宁百货,南宁百货
南京医药,南京医药
金瑞矿业,金瑞矿业
文投控股,文投控股
凤凰股份,凤凰股份
天津港,天津港
东软集团,东软集团
大连热电,大连热电
祁连山,祁连山
百花村,百花村
金牛化工,金牛化工
首商股份,首商股份
宁波富达,宁波富达
ST云维,ST云维
华电能源,华电能源
鲁北化工,鲁北化工
佳都科技,佳都科技
重庆百货,重庆百货
中国高科,中国高科
湖南海利,湖南海利
ST新梅,ST新梅
SST前锋,SST前锋
实达集团,实达集团
新华锦,新华锦
苏州高新,苏州高新
中粮糖业,中粮糖业
兰州民百,兰州民百
辽宁成大,辽宁成大
山西焦化,山西焦化
华域汽车,华域汽车
一汽富维,一汽富维
华远地产,华远地产
华银电力,华银电力
闻泰科技,闻泰科技
江苏索普,江苏索普
*ST大控,*ST大控
上实发展,上实发展
西藏旅游,西藏旅游
江中药业,江中药业
天海投资,天海投资
*ST哈慈,*ST哈慈
东方银星,东方银星
锦江股份,锦江股份
厦门国贸,厦门国贸
浪潮软件,浪潮软件
长江传媒,长江传媒
红阳能源,红阳能源
洲际油气,洲际油气
中航沈飞,中航沈飞
安徽合力,安徽合力
S*ST金荔,S*ST金荔
通策医疗,通策医疗
中国海防,中国海防
中航重机,中航重机
园城黄金,园城黄金
*ST运盛,*ST运盛
宁波富邦,宁波富邦
祥龙电业,祥龙电业
综艺股份,综艺股份
广誉远,广誉远
S*ST龙昌,S*ST龙昌
西藏城投,西藏城投
汉商集团,汉商集团
南京熊猫,南京熊猫
东方通信,东方通信
新潮能源,新潮能源
友好集团,友好集团
水井坊,水井坊
通宝能源,通宝能源
辅仁药业,辅仁药业
新钢股份,新钢股份
鲁信创投,鲁信创投
鲁银投资,鲁银投资
新华百货,新华百货
东方锅炉,东方锅炉
中储股份,中储股份
*ST达曼,*ST达曼
鲁抗医药,鲁抗医药
轻纺城,轻纺城
京能置业,京能置业
云煤能源,云煤能源
宜宾纸业,宜宾纸业
保税科技,保税科技
国电电力,国电电力
钱江生化,钱江生化
浙大网新,浙大网新
宁波海运,宁波海运
*ST龙科,*ST龙科
天津磁卡,天津磁卡
华新水泥,华新水泥
福建水泥,福建水泥
新奥股份,新奥股份
鹏博士,鹏博士
悦达投资,悦达投资
*ST昆机,*ST昆机
天业股份,天业股份
马钢股份,马钢股份
山西汾酒,山西汾酒
神马股份,神马股份
东方集团,东方集团
华北制药,华北制药
ST鞍一工,ST鞍一工
杭州解百,杭州解百
*ST厦工,*ST厦工
安信信托,安信信托
*ST宏盛,*ST宏盛
中路股份,中路股份
耀皮玻璃,耀皮玻璃
隧道股份,隧道股份
津劝业,津劝业
上海物贸,上海物贸
世茂股份,世茂股份
益民集团,益民集团
新华传媒,新华传媒
兰生股份,兰生股份
百联股份,百联股份
茂业商业,茂业商业
人民同泰,人民同泰
香溢融通,香溢融通
广电网络,广电网络
东方明珠,东方明珠
第一医药,第一医药
申通地铁,申通地铁
上海机电,上海机电
界龙实业,界龙实业
海通证券,海通证券
上海九百,上海九百
四川长虹,四川长虹
新湖创业,新湖创业
上柴股份,上柴股份
中西药业,中西药业
上工申贝,上工申贝
丹化科技,丹化科技
宝信软件,宝信软件
同济科技,同济科技
*ST万里,*ST万里
上海临港,上海临港
上药转换,上药转换
华东电脑,华东电脑
海欣股份,海欣股份
*ST中川,*ST中川
龙建股份,龙建股份
春兰股份,春兰股份
航天长峰,航天长峰
中天能源,中天能源
宁波中百,宁波中百
银座股份,银座股份
王府井,王府井
京城股份,京城股份
北京城乡,北京城乡
中航高科,中航高科
内蒙华电,内蒙华电
哈投股份,哈投股份
百大集团,百大集团
星湖科技,星湖科技
通化东宝,通化东宝
梅雁吉祥,梅雁吉祥
智慧能源,智慧能源
厦华电子,厦华电子
*ST油服,*ST油服
中炬高新,中炬高新
梅花生物,梅花生物
创业环保,创业环保
东方电气,东方电气
洛阳玻璃,洛阳玻璃
ST嘉陵,ST嘉陵
*ST北科,*ST北科
航天电子,航天电子
博瑞传播,博瑞传播
亚泰集团,亚泰集团
广泽股份,广泽股份
博闻科技,博闻科技
杉杉股份,杉杉股份
宏发股份,宏发股份
国投电力,国投电力
伊利股份,伊利股份
新疆众和,新疆众和
南京化纤,南京化纤
中房股份,中房股份
秋林集团,秋林集团
大晟文化,大晟文化
航发动力,航发动力
广日股份,广日股份
张江高科,张江高科
览海投资,览海投资
厦门空港,厦门空港
国美通讯,国美通讯
*ST信联,*ST信联
长江电力,长江电力
江苏租赁,江苏租赁
贵州燃气,贵州燃气
无锡银行,无锡银行
华安证券,华安证券
重庆燃气,重庆燃气
江苏银行,江苏银行
杭州银行,杭州银行
湖南盐业,湖南盐业
爱柯迪,爱柯迪
广西广电,广西广电
重庆建工,重庆建工
东方证券,东方证券
江苏有线,江苏有线
渤海活塞,渤海活塞
株冶集团,株冶集团
国投中鲁,国投中鲁
岳阳林纸,岳阳林纸
福成股份,福成股份
博汇纸业,博汇纸业
内蒙一机,内蒙一机
郴电国际,郴电国际
中材国际,中材国际
恒源煤电,恒源煤电
宝胜股份,宝胜股份
新五丰,新五丰
健民集团,健民集团
中国电影,中国电影
宜华生活,宜华生活
广安爱众,广安爱众
北矿科技,北矿科技
汇鸿集团,汇鸿集团
宁波热电,宁波热电
惠而浦,惠而浦
建设机械,建设机械
雷鸣科化,雷鸣科化
科达股份,科达股份
航民股份,航民股份
赤峰黄金,赤峰黄金
四创电子,四创电子
广汽长丰,广汽长丰
贵绳股份,贵绳股份
马应龙,马应龙
文山电力,文山电力
贵广网络,贵广网络
开滦股份,开滦股份
九州通,九州通
招商证券,招商证券
唐山港,唐山港
大同煤业,大同煤业
晋亿实业,晋亿实业
柳钢股份,柳钢股份
重庆钢铁,重庆钢铁
大秦铁路,大秦铁路
金陵饭店,金陵饭店
连云港,连云港
南京银行,南京银行
文峰股份,文峰股份
宝泰隆,宝泰隆
隆基股份,隆基股份
陕西黑猫,陕西黑猫
节能风电,节能风电
宁波港,宁波港
山东出版,山东出版
华钰矿业,华钰矿业
春秋航空,春秋航空
玉龙股份,玉龙股份
一拖股份,一拖股份
赛轮金宇,赛轮金宇
西部黄金,西部黄金
国芳集团,国芳集团
中国神华,中国神华
中南传媒,中南传媒
太平洋,太平洋
恒立液压,恒立液压
昊华能源,昊华能源
*ST一重,*ST一重
四川成渝,四川成渝
财通证券,财通证券
中国国航,中国国航
华鼎股份,华鼎股份
三江购物,三江购物
中国化学,中国化学
海南橡胶,海南橡胶
四方股份,四方股份
小康股份,小康股份
常熟银行,常熟银行
博威合金,博威合金
深圳燃气,深圳燃气
新城控股,新城控股
重庆水务,重庆水务
三角轮胎,三角轮胎
兴业银行,兴业银行
西部矿业,西部矿业
北京银行,北京银行
杭齿前进,杭齿前进
中国西电,中国西电
中国铁建,中国铁建
龙江交通,龙江交通
东兴证券,东兴证券
江南水务,江南水务
上海环境,上海环境
海尔施,海尔施
东材科技,东材科技
国泰君安,国泰君安
白银有色,白银有色
君正集团,君正集团
吉鑫科技,吉鑫科技
林洋能源,林洋能源
陕西煤业,陕西煤业
华电重工,华电重工
广州港,广州港
上海银行,上海银行
环旭电子,环旭电子
桐昆股份,桐昆股份
广汽集团,广汽集团
庞大集团,庞大集团
*ST二重,*ST二重
农业银行,农业银行
中国北车,中国北车
骆驼股份,骆驼股份
江南嘉捷,江南嘉捷
中国平安,中国平安
秦港股份,秦港股份
交通银行,交通银行
广深铁路,广深铁路
新华保险,新华保险
百隆东方,百隆东方
三六零,三六零
利群股份,利群股份
绿城水务,绿城水务
陕鼓动力,陕鼓动力
中原证券,中原证券
兴业证券,兴业证券
怡球资源,怡球资源
中国中铁,中国中铁
工商银行,工商银行
通用股份,通用股份
东风股份,东风股份
吉林高速,吉林高速
*ST智慧,*ST智慧
东吴证券,东吴证券
*ST锐电,*ST锐电
九牧王,九牧王
三星医疗,三星医疗
会稽山,会稽山
北辰实业,北辰实业
上海电影,上海电影
鹿港文化,鹿港文化
中国铝业,中国铝业
中国太保,中国太保
上海医药,上海医药
中信重工,中信重工
中国核建,中国核建
广电电气,广电电气
中国中冶,中国中冶
嘉泽新能,嘉泽新能
中国人寿,中国人寿
长城汽车,长城汽车
旗滨集团,旗滨集团
平煤股份,平煤股份
中国建筑,中国建筑
中国电建,中国电建
明泰铝业,明泰铝业
滨化股份,滨化股份
华泰证券,华泰证券
拓普集团,拓普集团
潞安环能,潞安环能
风范股份,风范股份
郑煤机,郑煤机
际华集团,际华集团
上海电气,上海电气
中国中车,中国中车
力帆股份,力帆股份
光大证券,光大证券
宁波建工,宁波建工
蓝科高新,蓝科高新
星宇股份,星宇股份
中国交建,中国交建
皖新传媒,皖新传媒
中海油服,中海油服
新华文轩,新华文轩
光大银行,光大银行
美凯龙,美凯龙
成都银行,成都银行
中国石油,中国石油
中国科传,中国科传
中远海发,中远海发
招商轮船,招商轮船
正泰电器,正泰电器
浙商证券,浙商证券
大连港,大连港
中国银河,中国银河
海天精工,海天精工
江河集团,江河集团
中国国旅,中国国旅
亚星锚链,亚星锚链
中煤能源,中煤能源
紫金矿业,紫金矿业
南方传媒,南方传媒
方正证券,方正证券
京运通,京运通
新集能源,新集能源
中远海控,中远海控
凤凰传媒,凤凰传媒
吉视传媒,吉视传媒
永辉超市,永辉超市
建设银行,建设银行
中国出版,中国出版
苏垦农发,苏垦农发
金钼股份,金钼股份
中国汽研,中国汽研
玲珑轮胎,玲珑轮胎
宝钢包装,宝钢包装
海南矿业,海南矿业
中国核电,中国核电
中国银行,中国银行
中国重工,中国重工
大唐发电,大唐发电
金隅集团,金隅集团
丰林集团,丰林集团
贵阳银行,贵阳银行
中信银行,中信银行
出版传媒,出版传媒
人民网,人民网
奥康国际,奥康国际
宏昌电子,宏昌电子
龙宇燃油,龙宇燃油
晶方科技,晶方科技
联明股份,联明股份
花王股份,花王股份
喜临门,喜临门
北特科技,北特科技
万盛股份,万盛股份
合锻智能,合锻智能
创力集团,创力集团
弘讯科技,弘讯科技
新宏泰,新宏泰
中衡设计,中衡设计
中设集团,中设集团
中科曙光,中科曙光
爱普股份,爱普股份
山东华鹏,山东华鹏
新通联,新通联
威帝股份,威帝股份
大豪科技,大豪科技
石大胜华,石大胜华
千禾味业,千禾味业
赛福天,赛福天
天鹅股份,天鹅股份
全筑股份,全筑股份
安德利,安德利
德新交运,德新交运
三维股份,三维股份
常熟汽饰,常熟汽饰
如通股份,如通股份
凯众股份,凯众股份
华立股份,华立股份
泛微网络,泛微网络
新坐标,新坐标
美思德,美思德
华脉科技,华脉科技
广州酒家,广州酒家
科林电气,科林电气
台华新材,台华新材
德邦股份,德邦股份
永吉股份,永吉股份
倍加洁,倍加洁
国检集团,国检集团
禾望电气,禾望电气
音飞储存,音飞储存
振华股份,振华股份
海汽集团,海汽集团
乐惠国际,乐惠国际
和邦生物,和邦生物
江化微,江化微
圣达生物,圣达生物
新疆火炬,新疆火炬
大丰实业,大丰实业
剑桥科技,剑桥科技
天成自控,天成自控
先达股份,先达股份
宁波精达,宁波精达
正裕工业,正裕工业
宏盛股份,宏盛股份
新经典,新经典
森特股份,森特股份
长白山,长白山
川仪股份,川仪股份
汇嘉时代,汇嘉时代
横店影视,横店影视
恒银金融,恒银金融
润达医疗,润达医疗
东方材料,东方材料
康尼机电,康尼机电
金能科技,金能科技
红蜻蜓,红蜻蜓
万林股份,万林股份
共进股份,共进股份
翠微股份,翠微股份
中材节能,中材节能
昭衍新药,昭衍新药
华贸物流,华贸物流
春风动力,春风动力
上海沪工,上海沪工
碳元科技,碳元科技
天目湖,天目湖
海量数据,海量数据
康惠制药,康惠制药
养元饮品,养元饮品
拉夏贝尔,拉夏贝尔
腾龙股份,腾龙股份
上海亚虹,上海亚虹
汇顶科技,汇顶科技
科华控股,科华控股
荣晟环保,荣晟环保
福达股份,福达股份
渤海轮渡,渤海轮渡
莎普爱思,莎普爱思
兰石重装,兰石重装
德创环保,德创环保
圣龙股份,圣龙股份
新泉股份,新泉股份
金牌厨柜,金牌厨柜
皇马科技,皇马科技
建研院,建研院
华正新材,华正新材
亚邦股份,亚邦股份
网达软件,网达软件
日播时尚,日播时尚
保隆科技,保隆科技
迎驾贡酒,迎驾贡酒
九华旅游,九华旅游
上海洗霸,上海洗霸
快克股份,快克股份
江山欧派,江山欧派
爱婴室,爱婴室
日月股份,日月股份
济民制药,济民制药
恒通股份,恒通股份
新凤鸣,新凤鸣
菲林格尔,菲林格尔
雪峰科技,雪峰科技
景旺电子,景旺电子
奥翔药业,奥翔药业
格尔软件,格尔软件
大参林,大参林
诺邦股份,诺邦股份
浙江仙通,浙江仙通
电魂网络,电魂网络
合盛硅业,合盛硅业
天龙股份,天龙股份
松发股份,松发股份
海鸥股份,海鸥股份
银都股份,银都股份
大业股份,大业股份
赛腾股份,赛腾股份
日盈电子,日盈电子
海天味业,海天味业
泰瑞机器,泰瑞机器
杭叉集团,杭叉集团
井神股份,井神股份
华铁科技,华铁科技
振德医疗,振德医疗
鑫广绿环,鑫广绿环
得邦照明,得邦照明
旭升股份,旭升股份
华懋科技,华懋科技
应流股份,应流股份
维力医疗,维力医疗
金海环境,金海环境
梦百合,梦百合
福鞍股份,福鞍股份
诚邦股份,诚邦股份
派思股份,派思股份
湘油泵,湘油泵
迪贝电气,迪贝电气
梅轮电梯,梅轮电梯
超讯通信,超讯通信
吴江银行,吴江银行
我乐家居,我乐家居
依顿电子,依顿电子
上海雅仕,上海雅仕
上海天洋,上海天洋
百达精工,百达精工
明星电缆,明星电缆
迪生力,迪生力
宏辉果蔬,宏辉果蔬
杰克股份,杰克股份
浙江鼎力,浙江鼎力
四方冷链,四方冷链
安井食品,安井食品
文灿股份,文灿股份
莱克电气,莱克电气
华菱精工,华菱精工
设计总院,设计总院
华达科技,华达科技
东珠景观,东珠景观
百傲化学,百傲化学
傲农生物,傲农生物
水星家纺,水星家纺
日出东方,日出东方
辰欣药业,辰欣药业
柳州医药,柳州医药
今世缘,今世缘
东方时尚,东方时尚
亚士创能,亚士创能
易德龙,易德龙
顶点软件,顶点软件
惠达卫浴,惠达卫浴
广东骏亚,广东骏亚
基蛋生物,基蛋生物
元成股份,元成股份
亚振家居,亚振家居
新天然气,新天然气
金辰股份,金辰股份
邦宝益智,邦宝益智
吉翔股份,吉翔股份
信捷电气,信捷电气
鼎信通讯,鼎信通讯
集友股份,集友股份
吉比特,吉比特
九洲药业,九洲药业
勘设股份,勘设股份
风语筑,风语筑
振静股份,振静股份
展鹏科技,展鹏科技
恒为科技,恒为科技
翔港科技,翔港科技
祥和实业,祥和实业
韦尔股份,韦尔股份
金石资源,金石资源
南都物业,南都物业
振江股份,振江股份
思维列控,思维列控
欧普照明,欧普照明
淳中科技,淳中科技
绝味食品,绝味食品
维格娜丝,维格娜丝
立霸股份,立霸股份
司太立,司太立
众源新材,众源新材
多伦科技,多伦科技
掌阅科技,掌阅科技
嘉诚国际,嘉诚国际
惠发股份,惠发股份
美诺华,美诺华
贵人鸟,贵人鸟
海兴电力,海兴电力
起步股份,起步股份
健盛集团,健盛集团
中通国脉,中通国脉
普莱柯,普莱柯
珍宝岛,珍宝岛
伟明环保,伟明环保
长久物流,长久物流
汇金通,汇金通
三星新材,三星新材
荣泰健康,荣泰健康
艾艾精工,艾艾精工
苏利股份,苏利股份
金麒麟,金麒麟
地素时尚,地素时尚
高能环境,高能环境
口子窖,口子窖
东尼电子,东尼电子
伯特利,伯特利
引力传媒,引力传媒
广信股份,广信股份
永艺股份,永艺股份
再升科技,再升科技
纵横通信,纵横通信
博天环境,博天环境
珀莱雅,珀莱雅
东方电缆,东方电缆
京华激光,京华激光
天创时尚,天创时尚
禾丰牧业,禾丰牧业
诺力股份,诺力股份
索通发展,索通发展
茶花股份,茶花股份
韩建河山,韩建河山
君禾股份,君禾股份
杭电股份,杭电股份
中曼石油,中曼石油
科森科技,科森科技
清源股份,清源股份
拉芳家化,拉芳家化
徕木股份,徕木股份
南威软件,南威软件
镇海股份,镇海股份
艾迪精密,艾迪精密
海利尔,海利尔
畅联股份,畅联股份
朗博科技,朗博科技
泰禾光电,泰禾光电
安图生物,安图生物
璞泰来,璞泰来
苏州科达,苏州科达
恒林股份,恒林股份
三祥新材,三祥新材
康隆达,康隆达
五洲新春,五洲新春
天马科技,天马科技
灵康药业,灵康药业
卫信康,卫信康
奇精机械,奇精机械
火炬电子,火炬电子
华体科技,华体科技
今创集团,今创集团
晶华新材,晶华新材
晨丰科技,晨丰科技
龙马环卫,龙马环卫
石英股份,石英股份
皖天然气,皖天然气
至纯科技,至纯科技
安记食品,安记食品
航天工程,航天工程
纽威股份,纽威股份
德宏股份,德宏股份
盛洋科技,盛洋科技
健友股份,健友股份
家家悦,家家悦
中源家居,中源家居
香飘飘,香飘飘
七一二,七一二
塞力斯,塞力斯
天域生态,天域生态
海利生物,海利生物
中广天择,中广天择
阿科力,阿科力
天安新材,天安新材
朗迪集团,朗迪集团
博迈科,博迈科
鸣志电器,鸣志电器
龙韵股份,龙韵股份
岱美股份,岱美股份
仙鹤股份,仙鹤股份
三棵树,三棵树
泰晶科技,泰晶科技
大元泵业,大元泵业
秦安股份,秦安股份
隆鑫通用,隆鑫通用
中马传动,中马传动
常青股份,常青股份
沃格光电,沃格光电
永安行,永安行
来伊份,来伊份
乾景园林,乾景园林
威龙股份,威龙股份
新日股份,新日股份
宁波高发,宁波高发
星光农机,星光农机
联泰环保,联泰环保
康普顿,康普顿
华友钴业,华友钴业
道森股份,道森股份
志邦股份,志邦股份
瑞斯康达,瑞斯康达
福斯特,福斯特
歌力思,歌力思
豪能股份,豪能股份
诚意药业,诚意药业
原尚股份,原尚股份
顾家家居,顾家家居
海峡环保,海峡环保
曲美家居,曲美家居
神力股份,神力股份
嘉澳环保,嘉澳环保
百合花,百合花
华扬联众,华扬联众
坤彩科技,坤彩科技
柯利达,柯利达
洛凯股份,洛凯股份
欧派家居,欧派家居
四通股份,四通股份
安正时尚,安正时尚
正平股份,正平股份
好太太,好太太
华荣股份,华荣股份
东宏股份,东宏股份
步长制药,步长制药
能科股份,能科股份
中公高科,中公高科
白云电器,白云电器
桃李面包,桃李面包
飞科电器,飞科电器
北部湾旅,北部湾旅
嘉友国际,嘉友国际
鼎胜新材,鼎胜新材
太平鸟,太平鸟
武进不锈,武进不锈
永悦科技,永悦科技
南卫股份,南卫股份
数据港,数据港
金域医学,金域医学
老百姓,老百姓
吉祥航空,吉祥航空
元祖股份,元祖股份
城地股份,城地股份
新华网,新华网
新澳股份,新澳股份
春秋电子,春秋电子
天永智能,天永智能
寿仙谷,寿仙谷
长城科技,长城科技
好莱客,好莱客
晨光文具,晨光文具
莱绅通灵,莱绅通灵
永创智能,永创智能
中持股份,中持股份
龙蟠科技,龙蟠科技
牧高笛,牧高笛
合诚股份,合诚股份
佳力图,佳力图
苏博特,苏博特
合力科技,合力科技
金桥信息,金桥信息
金徽酒,金徽酒
世运电路,世运电路
金鸿顺,金鸿顺
铁流股份,铁流股份
兴业股份,兴业股份
亚翔集成,亚翔集成
睿能科技,睿能科技
博敏电子,博敏电子
丽岛新材,丽岛新材
三孚股份,三孚股份
益丰药房,益丰药房
大千生态,大千生态
哈森股份,哈森股份
百利科技,百利科技
克来机电,克来机电
大理药业,大理药业
法兰泰克,法兰泰克
醋化股份,醋化股份
银龙股份,银龙股份
中农立华,中农立华
正川股份,正川股份
国泰集团,国泰集团
深圳新星,深圳新星
金诚信,金诚信
吉华集团,吉华集团
恒润股份,恒润股份
兆易创新,兆易创新
康德莱,康德莱
中电电机,中电电机
艾华集团,艾华集团
麦迪科技,麦迪科技
至正股份,至正股份
洛阳钼业,洛阳钼业
中新科技,中新科技
继峰股份,继峰股份
方盛制药,方盛制药
读者传媒,读者传媒
平安银行,平安银行
 万科A, 万科A
PT金田A,PT金田A
国农科技,国农科技
世纪星源,世纪星源
深振业A,深振业A
全新好,全新好
神州高铁,神州高铁
中国宝安,中国宝安
美丽生态,美丽生态
深物业A,深物业A
南玻A,南玻A
*ST石化A,*ST石化A
沙河股份,沙河股份
PT中浩A,PT中浩A
深康佳A,深康佳A
深中华A,深中华A
神州长城,神州长城
深深宝A,深深宝A
深华发A,深华发A
深科技,深科技
深赤湾A,深赤湾A
深天地A,深天地A
招商地产,招商地产
特力A,特力A
飞亚达A,飞亚达A
深圳能源,深圳能源
国药一致,国药一致
深深房A,深深房A
富奥股份,富奥股份
中粮地产,中粮地产
深桑达A,深桑达A
新都退,新都退
神州数码,神州数码
中国天楹,中国天楹
华联控股,华联控股
深南电A,深南电A
深大通,深大通
中集集团,中集集团
东旭蓝天,东旭蓝天
中洲控股,中洲控股
中航地产,中航地产
深纺织A,深纺织A
泛海控股,泛海控股
ST中侨,ST中侨
康达尔,康达尔
德赛电池,德赛电池
深天马A,深天马A
方大集团,方大集团
皇庭国际,皇庭国际
深赛格,深赛格
华锦股份,华锦股份
中金岭南,中金岭南
农产品,农产品
深圳华强,深圳华强
中兴通讯,中兴通讯
北方国际,北方国际
中国长城,中国长城
华控赛格,华控赛格
华侨城A,华侨城A
特发信息,特发信息
海王生物,海王生物
盐田港,盐田港
深圳机场,深圳机场
天健集团,天健集团
广聚能源,广聚能源
中信海直,中信海直
TCL集团,TCL集团
宜华健康,宜华健康
中成股份,中成股份
丰原药业,丰原药业
川化股份,川化股份
华数传媒,华数传媒
中联重科,中联重科
常山北明,常山北明
国际实业,国际实业
申万宏源,申万宏源
东方市场,东方市场
美的集团,美的集团
潍柴动力,潍柴动力
许继电气,许继电气
冀东水泥,冀东水泥
金融街,金融街
ST生化,ST生化
华意压缩,华意压缩
ST鑫光,ST鑫光
石油大明,石油大明
胜利股份,胜利股份
藏格控股,藏格控股
山东地矿,山东地矿
沈阳机床,沈阳机床
英特集团,英特集团
ST五环,ST五环
东旭光电,东旭光电
渤海金控,渤海金控
民生控股,民生控股
合肥百货,合肥百货
小天鹅A,小天鹅A
通程控股,通程控股
吉林化纤,吉林化纤
南京公用,南京公用
湖北宜化,湖北宜化
东阿阿胶,东阿阿胶
徐工机械,徐工机械
兴业矿业,兴业矿业
华天酒店,华天酒店
粤高速A,粤高速A
张家界,张家界
晨鸣纸业,晨鸣纸业
山东路桥,山东路桥
鄂武商A,鄂武商A
绿景控股,绿景控股
海虹控股,海虹控股
南华生物,南华生物
京粮控股,京粮控股
中润资源,中润资源
珠海港,珠海港
琼民源A,琼民源A
华塑控股,华塑控股
金路集团,金路集团
*ST烯碳,*ST烯碳
丽珠集团,丽珠集团
渝开发,渝开发
攀渝钛业,攀渝钛业
国际医学,国际医学
荣安地产,荣安地产
四环生物,四环生物
中兵红箭,中兵红箭
长航凤凰,长航凤凰
美菱电器,美菱电器
白云山A,白云山A
广州浪奇,广州浪奇
岭南控股,岭南控股
红太阳,红太阳
*ST紫学,*ST紫学
美的电器,美的电器
柳工,柳工
广弘控股,广弘控股
大冷股份,大冷股份
穗恒运A,穗恒运A
华金资本,华金资本
万家乐,万家乐
万泽股份,万泽股份
*ST猴王,*ST猴王
华映科技,华映科技
广宇发展,广宇发展
云南白药,云南白药
粤电力A,粤电力A
中天金融,中天金融
佛山照明,佛山照明
TCL通讯,TCL通讯
皖能电力,皖能电力
中原环保,中原环保
金浦钛业,金浦钛业
金圆股份,金圆股份
航天发展,航天发展
湖南投资,湖南投资
S湘火炬,S湘火炬
江铃汽车,江铃汽车
创元科技,创元科技
靖远煤电,靖远煤电
沙隆达A,沙隆达A
泰山石油,泰山石油
神州信息,神州信息
PT南洋,PT南洋
西部创业,西部创业
莱茵体育,莱茵体育
万向钱潮,万向钱潮
昆百大A,昆百大A
烽火电子,烽火电子
宏源证券,宏源证券
陕国投A,陕国投A
供销大集,供销大集
渝三峡A,渝三峡A
海南海药,海南海药
海德股份,海德股份
泸州老窖,泸州老窖
长城股份,长城股份
苏常柴A,苏常柴A
新大洲A,新大洲A
海马汽车,海马汽车
粤宏远A,粤宏远A
广东甘化,广东甘化
盐湖集团,盐湖集团
威孚高科,威孚高科
北部湾港,北部湾港
S*ST托普,S*ST托普
哈工智能,哈工智能
*ST东电,*ST东电
汇源通信,汇源通信
金洲慈航,金洲慈航
PT粤金曼,PT粤金曼
黔轮胎A,黔轮胎A
启迪古汉,启迪古汉
太阳能,太阳能
平潭发展,平潭发展
大通燃气,大通燃气
国恒退,国恒退
*ST宝实,*ST宝实
古井贡酒,古井贡酒
东北制药,东北制药
兴蓉环境,兴蓉环境
青岛双星,青岛双星
建投能源,建投能源
韶能股份,韶能股份
金马集团,金马集团
盛达矿业,盛达矿业
渤海股份,渤海股份
神州易桥,神州易桥
华媒控股,华媒控股
阳光股份,阳光股份
中迪投资,中迪投资
西安旅游,西安旅游
天首发展,天首发展
焦作万方,焦作万方
大东海A,大东海A
京汉股份,京汉股份
海航投资,海航投资
中油资本,中油资本
吉林化工,吉林化工
海螺型材,海螺型材
新华联,新华联
*ST比特,*ST比特
恒立实业,恒立实业
吉林敖东,吉林敖东
长安汽车,长安汽车
远大控股,远大控股
天茂集团,天茂集团
高新发展,高新发展
*ST钒钛,*ST钒钛
铜陵有色,铜陵有色
顺发恒业,顺发恒业
三木集团,三木集团
合金投资,合金投资
英力特,英力特
风华高科,风华高科
茂化实华,茂化实华
万方发展,万方发展
西王食品,西王食品
仁和药业,仁和药业
格力电器,格力电器
泰达股份,泰达股份
ST九州,ST九州
金岭矿业,金岭矿业
金科股份,金科股份
中钨高新,中钨高新
ST海洋,ST海洋
*ST中富,*ST中富
*ST南华,*ST南华
长春高新,长春高新
天夏智慧,天夏智慧
永安林业,永安林业
湖北广电,湖北广电
经纬纺机,经纬纺机
美好置业,美好置业
荣丰控股,荣丰控股
金鸿控股,金鸿控股
盈方微,盈方微
阳光城,阳光城
上峰水泥,上峰水泥
当代东方,当代东方
ST银山,ST银山
智度股份,智度股份
恒天海龙,恒天海龙
襄阳轴承,襄阳轴承
大连友谊,大连友谊
山推股份,山推股份
视觉中国,视觉中国
东方电子,东方电子
远兴能源,远兴能源
中山公用,中山公用
东北证券,东北证券
华讯方舟,华讯方舟
建新矿业,建新矿业
ST宏业,ST宏业
宝新能源,宝新能源
亚太实业,亚太实业
惠天热电,惠天热电
*ST华泽,*ST华泽
滨海能源,滨海能源
炼石有色,炼石有色
沈阳化工,沈阳化工
S*ST佳纸,S*ST佳纸
模塑科技,模塑科技
厦门信达,厦门信达
正虹科技,正虹科技
恒逸石化,恒逸石化
浙江震元,浙江震元
双环科技,双环科技
大冶特钢,大冶特钢
河钢股份,河钢股份
贝瑞基因,贝瑞基因
京蓝科技,京蓝科技
锦龙股份,锦龙股份
丰乐种业,丰乐种业
中兴商业,中兴商业
黑芝麻,黑芝麻
韶钢松山,韶钢松山
苏宁环球,苏宁环球
中原传媒,中原传媒
新能泰山,新能泰山
西安饮食,西安饮食
湖南发展,湖南发展
美锦能源,美锦能源
京东方A,京东方A
鲁泰A,鲁泰A
华东科技,华东科技
国元证券,国元证券
燕京啤酒,燕京啤酒
*ST环保,*ST环保
四川美丰,四川美丰
泰禾集团,泰禾集团
振华科技,振华科技
罗牛山,罗牛山
中交地产,中交地产
*ST南风,*ST南风
航发控制,航发控制
普洛药业,普洛药业
长城信息,长城信息
国海证券,国海证券
锌业股份,锌业股份
西藏发展,西藏发展
漳州发展,漳州发展
*ST三维,*ST三维
新华制药,新华制药
浩物股份,浩物股份
中色股份,中色股份
中百集团,中百集团
斯太尔,斯太尔
本钢板材,本钢板材
西藏矿业,西藏矿业
锦州石化,锦州石化
*ST华信,*ST华信
通化金马,通化金马
漳泽电力,漳泽电力
中航飞机,中航飞机
*ST大菲,*ST大菲
广发证券,广发证券
中核科技,中核科技
新兴铸管,新兴铸管
三毛派神,三毛派神
*ST平能,*ST平能
美达股份,美达股份
长江证券,长江证券
武汉中商,武汉中商
北新建材,北新建材
*ST创智,*ST创智
北大医药,北大医药
万年青,万年青
泰合健康,泰合健康
甘肃电投,甘肃电投
盐湖股份,盐湖股份
华闻传媒,华闻传媒
英洛华,英洛华
凯撒旅游,凯撒旅游
中国武夷,中国武夷
中水渔业,中水渔业
酒鬼酒,酒鬼酒
一汽轿车,一汽轿车
四川九洲,四川九洲
北京文化,北京文化
*ST金宇,*ST金宇
*ST炎黄,*ST炎黄
银河生物,银河生物
云铝股份,云铝股份
*ST新城,*ST新城
创维数字,创维数字
冰轮环境,冰轮环境
陕西金叶,陕西金叶
德展健康,德展健康
美利云,美利云
智慧农业,智慧农业
辽河油田,辽河油田
方大化工,方大化工
岳阳兴长,岳阳兴长
神雾节能,神雾节能
京山轻机,京山轻机
山东海化,山东海化
超声电子,超声电子
太钢不锈,太钢不锈
启迪桑德,启迪桑德
*ST长兴,*ST长兴
东莞控股,东莞控股
天音控股,天音控股
鲁西化工,鲁西化工
五矿稀土,五矿稀土
*ST龙涤,*ST龙涤
贵糖股份,贵糖股份
长城动漫,长城动漫
鑫茂科技,鑫茂科技
秦川机床,秦川机床
财信发展,财信发展
中信国安,中信国安
承德露露,承德露露
华茂股份,华茂股份
高鸿股份,高鸿股份
石化机械,石化机械
冀东装备,冀东装备
五粮液,五粮液
国风塑业,国风塑业
顺鑫农业,顺鑫农业
海印股份,海印股份
银星能源,银星能源
三湘印象,三湘印象
扬子石化,扬子石化
安凯客车,安凯客车
张裕A,张裕A
吉电股份,吉电股份
新希望,新希望
天山股份,天山股份
云南铜业,云南铜业
潍柴重机,潍柴重机
中广核技,中广核技
华联股份,华联股份
湖北能源,湖北能源
同力水泥,同力水泥
海南高速,海南高速
中鼎股份,中鼎股份
峨眉山A,峨眉山A
茂业通信,茂业通信
法尔胜,法尔胜
欢瑞世纪,欢瑞世纪
东凌国际,东凌国际
双汇发展,双汇发展
津滨发展,津滨发展
鞍钢股份,鞍钢股份
赣能股份,赣能股份
现代投资,现代投资
航天科技,航天科技
新洋丰,新洋丰
云内动力,云内动力
厦门港务,厦门港务
浙商中拓,浙商中拓
景峰医药,景峰医药
数源科技,数源科技
大亚圣象,大亚圣象
南宁糖业,南宁糖业
*ST天化,*ST天化
钱江摩托,钱江摩托
山大华特,山大华特
华北高速,华北高速
电广传媒,电广传媒
嘉凯城,嘉凯城
金陵药业,金陵药业
南方汇通,南方汇通
海信科龙,海信科龙
*ST佳电,*ST佳电
河北宣工,河北宣工
众合科技,众合科技
福星股份,福星股份
一汽夏利,一汽夏利
中钢国际,中钢国际
兰州黄河,兰州黄河
中粮生化,中粮生化
中关村,中关村
华菱钢铁,华菱钢铁
神火股份,神火股份
四川双马,四川双马
华西股份,华西股份
冀中能源,冀中能源
紫光股份,紫光股份
凯迪生态,凯迪生态
南天信息,南天信息
新乡化纤,新乡化纤
*ST建峰,*ST建峰
中国重汽,中国重汽
广济药业,广济药业
*ST河化,*ST河化
欣龙控股,欣龙控股
中原油气,中原油气
中通客车,中通客车
东方能源,东方能源
首钢股份,首钢股份
锡业股份,锡业股份
中南建设,中南建设
东方钽业,东方钽业
华东医药,华东医药
天保基建,天保基建
长源电力,长源电力
盈峰环境,盈峰环境
蓝焰控股,蓝焰控股
安泰科技,安泰科技
中科三环,中科三环
高升控股,高升控股
*ST中基,*ST中基
佛塑科技,佛塑科技
银泰资源,银泰资源
华铁股份,华铁股份
浪潮信息,浪潮信息
桂林旅游,桂林旅游
中弘股份,中弘股份
众泰汽车,众泰汽车
银亿股份,银亿股份
*ST中绒,*ST中绒
西山煤电,西山煤电
大庆华科,大庆华科
越秀金控,越秀金控
华工科技,华工科技
九芝堂,九芝堂
诚志股份,诚志股份
通海高科,通海高科
闽东电力,闽东电力
皇台酒业,皇台酒业
中国中期,中国中期
新大陆,新大陆
隆平高科,隆平高科
华润三九,华润三九
宗申动力,宗申动力
豫能控股,豫能控股
招商公路,招商公路
招商蛇口,招商蛇口
新和成,新和成
鸿达兴业,鸿达兴业
伟星股份,伟星股份
华邦健康,华邦健康
德豪润达,德豪润达
精功科技,精功科技
华兰生物,华兰生物
大族激光,大族激光
天奇股份,天奇股份
传化智联,传化智联
盾安环境,盾安环境
凯恩股份,凯恩股份
中航机电,中航机电
永新股份,永新股份
霞客环保,霞客环保
世荣兆业,世荣兆业
东信和平,东信和平
华信国际,华信国际
亿帆医药,亿帆医药
京新药业,京新药业
中捷资源,中捷资源
科华生物,科华生物
海特高新,海特高新
苏宁易购,苏宁易购
航天电器,航天电器
山东威达,山东威达
分众传媒,分众传媒
思源电气,思源电气
七匹狼,七匹狼
达安基因,达安基因
巨轮智能,巨轮智能
苏泊尔,苏泊尔
丽江旅游,丽江旅游
旺能环境,旺能环境
华帝股份,华帝股份
联创电子,联创电子
久联发展,久联发展
双鹭药业,双鹭药业
黔源电力,黔源电力
南京港,南京港
登海种业,登海种业
华孚时尚,华孚时尚
兔宝宝,兔宝宝
美年健康,美年健康
国光电器,国光电器
轴研科技,轴研科技
宝鹰股份,宝鹰股份
宁波华翔,宁波华翔
紫光国芯,紫光国芯
三花智控,三花智控
中工国际,中工国际
同洲电子,同洲电子
云南能投,云南能投
德美化工,德美化工
得润电子,得润电子
横店东磁,横店东磁
中钢天源,中钢天源
威尔泰,威尔泰
云南旅游,云南旅游
粤水电,粤水电
浙江交科,浙江交科
宏润建设,宏润建设
远光软件,远光软件
华峰氨纶,华峰氨纶
东华软件,东华软件
瑞泰科技,瑞泰科技
景兴纸业,景兴纸业
黑猫股份,黑猫股份
獐子岛,獐子岛
*ST众和,*ST众和
长城影视,长城影视
凯瑞德,凯瑞德
软控股份,软控股份
国轩高科,国轩高科
沙钢股份,沙钢股份
雪莱特,雪莱特
大港股份,大港股份
太阳纸业,太阳纸业
苏州固锝,苏州固锝
中材科技,中材科技
金螳螂,金螳螂
万邦德,万邦德
孚日股份,孚日股份
海鸥住工,海鸥住工
万丰奥威,万丰奥威
东方海洋,东方海洋
新野纺织,新野纺织
鲁阳节能,鲁阳节能
新海宜,新海宜
金智科技,金智科技
江苏国泰,江苏国泰
中泰化学,中泰化学
国脉科技,国脉科技
青岛金王,青岛金王
生意宝,生意宝
南岭民爆,南岭民爆
山河智能,山河智能
浔兴股份,浔兴股份
海翔药业,海翔药业
天康生物,天康生物
广东鸿图,广东鸿图
冠福股份,冠福股份
广博股份,广博股份
恒宝股份,恒宝股份
信隆健康,信隆健康
莱宝高科,莱宝高科
沃华医药,沃华医药
沧州明珠,沧州明珠
兴化股份,兴化股份
三钢闽光,三钢闽光
威海广泰,威海广泰
三变科技,三变科技
天润数娱,天润数娱
罗平锌电,罗平锌电
三维通信,三维通信
中国海诚,中国海诚
东港股份,东港股份
紫鑫药业,紫鑫药业
康强电子,康强电子
韵达股份,韵达股份
科陆电子,科陆电子
天马股份,天马股份
梦网集团,梦网集团
天邦股份,天邦股份
湘潭电化,湘潭电化
银轮股份,银轮股份
南极电商,南极电商
露天煤业,露天煤业
中环股份,中环股份
沃尔核材,沃尔核材
利欧股份,利欧股份
恒星科技,恒星科技
广宇集团,广宇集团
*ST普林,*ST普林
东南网架,东南网架
安纳达,安纳达
麦达数字,麦达数字
顺络电子,顺络电子
拓邦股份,拓邦股份
东华科技,东华科技
贤丰控股,贤丰控股
宁波银行,宁波银行
印纪传媒,印纪传媒
宏达高科,宏达高科
中核钛白,中核钛白
荣盛发展,荣盛发展
新光圆成,新光圆成
北纬科技,北纬科技
西部材料,西部材料
通润装备,通润装备
北斗星通,北斗星通
广电运通,广电运通
石基信息,石基信息
报喜鸟,报喜鸟
湖南黄金,湖南黄金
通富微电,通富微电
正邦科技,正邦科技
汉钟精机,汉钟精机
三特索道,三特索道
常铝股份,常铝股份
远望谷,远望谷
悦心健康,悦心健康
中航三鑫,中航三鑫
宁波东力,宁波东力
红宝丽,红宝丽
莱茵生物,莱茵生物
东方锆业,东方锆业
深圳惠程,深圳惠程
智光电气,智光电气
芭田股份,芭田股份
楚江新材,楚江新材
澳洋科技,澳洋科技
创新医疗,创新医疗
游族网络,游族网络
东方网络,东方网络
江特电机,江特电机
御银股份,御银股份
延华智能,延华智能
中航光电,中航光电
纳思达,纳思达
粤传媒,粤传媒
云海金属,云海金属
怡亚通,怡亚通
海得控制,海得控制
华天科技,华天科技
全聚德,全聚德
广百股份,广百股份
ST巴士,ST巴士
利达光电,利达光电
成飞集成,成飞集成
劲嘉股份,劲嘉股份
融捷股份,融捷股份
如意集团,如意集团
武汉凡谷,武汉凡谷
二三四五,二三四五
方正电机,方正电机
证通电子,证通电子
嘉应制药,嘉应制药
东晶电子,东晶电子
云投生态,云投生态
九鼎新材,九鼎新材
金风科技,金风科技
海亮股份,海亮股份
大连重工,大连重工
国统股份,国统股份
海利得,海利得
*ST准油,*ST准油
合肥城建,合肥城建
达意隆,达意隆
飞马国际,飞马国际
宏达新材,宏达新材
南洋股份,南洋股份
特尔佳,特尔佳
大立科技,大立科技
诺普信,诺普信
三全食品,三全食品
合力泰,合力泰
拓日新能,拓日新能
恒康医疗,恒康医疗
天宝食品,天宝食品
东华能源,东华能源
福晶科技,福晶科技
鱼跃医疗,鱼跃医疗
三力士,三力士
濮耐股份,濮耐股份
江南化工,江南化工
奥特迅,奥特迅
合兴包装,合兴包装
鸿博股份,鸿博股份
科大讯飞,科大讯飞
奥维通信,奥维通信
启明信息,启明信息
塔牌集团,塔牌集团
民和股份,民和股份
安妮股份,安妮股份
大华股份,大华股份
恒邦股份,恒邦股份
天威视讯,天威视讯
奥特佳,奥特佳
威华股份,威华股份
歌尔股份,歌尔股份
九阳股份,九阳股份
通产丽星,通产丽星
滨江集团,滨江集团
澳洋顺昌,澳洋顺昌
北化股份,北化股份
帝龙文化,帝龙文化
*ST东数,*ST东数
大洋电机,大洋电机
联化科技,联化科技
步步高,步步高
上海莱士,上海莱士
川大智胜,川大智胜
泰和新材,泰和新材
海陆重工,海陆重工
兆新股份,兆新股份
立立电子,立立电子
利尔化学,利尔化学
升达林业,升达林业
德奥通航,德奥通航
拓维信息,拓维信息
恩华药业,恩华药业
大东南,大东南
新华都,新华都
西仪股份,西仪股份
浙富控股,浙富控股
陕天然气,陕天然气
卫士通,卫士通
美邦服饰,美邦服饰
华明装备,华明装备
东方雨虹,东方雨虹
川润股份,川润股份
水晶光电,水晶光电
华昌化工,华昌化工
桂林三金,桂林三金
万马股份,万马股份
友阿股份,友阿股份
神开股份,神开股份
久其软件,久其软件
联络互动,联络互动
光迅科技,光迅科技
博深工具,博深工具
天润曲轴,天润曲轴
亚太股份,亚太股份
世联行,世联行
保龄宝,保龄宝
奇正藏药,奇正藏药
超华科技,超华科技
宇顺电子,宇顺电子
中科新材,中科新材
星期六,星期六
奥飞娱乐,奥飞娱乐
罗莱生活,罗莱生活
信立泰,信立泰
精艺股份,精艺股份
辉煌科技,辉煌科技
博云新材,博云新材
中电鑫龙,中电鑫龙
圣农发展,圣农发展
太阳电缆,太阳电缆
齐心集团,齐心集团
西部建设,西部建设
美盈森,美盈森
洋河股份,洋河股份
南国置业,南国置业
*ST云网,*ST云网
北新路桥,北新路桥
威创股份,威创股份
中利集团,中利集团
东方园林,东方园林
海大集团,海大集团
*ST三泰,*ST三泰
日海通讯,日海通讯
南山控股,南山控股
焦点科技,焦点科技
键桥通讯,键桥通讯
众生药业,众生药业
久立特材,久立特材
乐通股份,乐通股份
海峡股份,海峡股份
华英农业,华英农业
理工环科,理工环科
雅百特,雅百特
普利特,普利特
洪涛股份,洪涛股份
永太科技,永太科技
富安娜,富安娜
新朋股份,新朋股份
皇氏集团,皇氏集团
得利斯,得利斯
皖通科技,皖通科技
仙琚制药,仙琚制药
罗普斯金,罗普斯金
英威腾,英威腾
科华恒盛,科华恒盛
人人乐,人人乐
赛象科技,赛象科技
奥普光电,奥普光电
积成电子,积成电子
格林美,格林美
新纶科技,新纶科技
巨力索具,巨力索具
慈文传媒,慈文传媒
海宁皮城,海宁皮城
潮宏基,潮宏基
柘中股份,柘中股份
泰尔股份,泰尔股份
高乐股份,高乐股份
精华制药,精华制药
北京科锐,北京科锐
漫步者,漫步者
顺丰控股,顺丰控股
杰瑞股份,杰瑞股份
天神娱乐,天神娱乐
兴民智通,兴民智通
赫美集团,赫美集团
富临运业,富临运业
森源电气,森源电气
北讯集团,北讯集团
同德化工,同德化工
神剑股份,神剑股份
汉王科技,汉王科技
隆基机械,隆基机械
中恒电气,中恒电气
永安药业,永安药业
台海核电,台海核电
康力电梯,康力电梯
太极股份,太极股份
卓翼科技,卓翼科技
亚太药业,亚太药业
北方华创,北方华创
伟星新材,伟星新材
千方科技,千方科技
丽鹏股份,丽鹏股份
亚厦股份,亚厦股份
新北洋,新北洋
国创高新,国创高新
章源钨业,章源钨业
宏创控股,宏创控股
科远股份,科远股份
双箭股份,双箭股份
蓝帆医疗,蓝帆医疗
合众思壮,合众思壮
东山精密,东山精密
大北农,大北农
天原集团,天原集团
黑牛食品,黑牛食品
新亚制程,新亚制程
南洋科技,南洋科技
信邦制药,信邦制药
长青股份,长青股份
北京利尔,北京利尔
力生制药,力生制药
联发股份,联发股份
双象股份,双象股份
星网锐捷,星网锐捷
梦洁股份,梦洁股份
建研集团,建研集团
海普瑞,海普瑞
省广集团,省广集团
中远海科,中远海科
和而泰,和而泰
爱仕达,爱仕达
嘉欣丝绸,嘉欣丝绸
四维图新,四维图新
远东传动,远东传动
多氟多,多氟多
齐翔腾达,齐翔腾达
雅克科技,雅克科技
广联达,广联达
必康股份,必康股份
汉森制药,汉森制药
雷科防务,雷科防务
高德红外,高德红外
海康威视,海康威视
爱施德,爱施德
深南股份,深南股份
康盛股份,康盛股份
天虹股份,天虹股份
毅昌股份,毅昌股份
达实智能,达实智能
科伦药业,科伦药业
中原特钢,中原特钢
贵州百灵,贵州百灵
凯撒文化,凯撒文化
胜利精密,胜利精密
ST尤夫,ST尤夫
云南锗业,云南锗业
兆驰股份,兆驰股份
杭氧股份,杭氧股份
棕榈股份,棕榈股份
九安医疗,九安医疗
太安堂,太安堂
万里扬,万里扬
长江润发,长江润发
兴森科技,兴森科技
誉衡药业,誉衡药业
江苏神通,江苏神通
启明星辰,启明星辰
闰土股份,闰土股份
众业达,众业达
龙星化工,龙星化工
金洲管道,金洲管道
巨星科技,巨星科技
中南文化,中南文化
盛路通信,盛路通信
晨鑫科技,晨鑫科技
中原内配,中原内配
国星光电,国星光电
康得新,康得新
摩恩电气,摩恩电气
长高集团,长高集团
天马精化,天马精化
松芝股份,松芝股份
百川股份,百川股份
欧菲科技,欧菲科技
青龙管业,青龙管业
益生股份,益生股份
天业通联,天业通联
赣锋锂业,赣锋锂业
珠江啤酒,珠江啤酒
嘉事堂,嘉事堂
沪电股份,沪电股份
众应互联,众应互联
海格通信,海格通信
天齐锂业,天齐锂业
二六三,二六三
申通快递,申通快递
三维工程,三维工程
金正大,金正大
中超控股,中超控股
双环传动,双环传动
*ST圣莱,*ST圣莱
榕基软件,榕基软件
立讯精密,立讯精密
宝莫股份,宝莫股份
雏鹰农牧,雏鹰农牧
常宝股份,常宝股份
富春环保,富春环保
新筑股份,新筑股份
双塔食品,双塔食品
广田集团,广田集团
润邦股份,润邦股份
江海股份,江海股份
希努尔,希努尔
嘉麟杰,嘉麟杰
大金重工,大金重工
金固股份,金固股份
浙江永强,浙江永强
*ST墨龙,*ST墨龙
通鼎互联,通鼎互联
恒基达鑫,恒基达鑫
荣盛石化,荣盛石化
华斯股份,华斯股份
佳隆股份,佳隆股份
辉丰股份,辉丰股份
雅化集团,雅化集团
汉缆股份,汉缆股份
科林环保,科林环保
山西证券,山西证券
利源精制,利源精制
骅威文化,骅威文化
搜于特,搜于特
*ST弘高,*ST弘高
大康农业,大康农业
协鑫集成,协鑫集成
涪陵榨菜,涪陵榨菜
老板电器,老板电器
天广中茂,天广中茂
天汽模,天汽模
中顺洁柔,中顺洁柔
达华智能,达华智能
蓝丰生化,蓝丰生化
宝馨科技,宝馨科技
金字火腿,金字火腿
旷达科技,旷达科技
恺英网络,恺英网络
科士达,科士达
银河电子,银河电子
日发精机,日发精机
齐峰新材,齐峰新材
浙江众成,浙江众成
天桥起重,天桥起重
光正集团,光正集团
胜景山河,胜景山河
山东矿机,山东矿机
新时达,新时达
英飞拓,英飞拓
海源机械,海源机械
金财互联,金财互联
天顺风能,天顺风能
新界泵业,新界泵业
金杯电工,金杯电工
杭锅股份,杭锅股份
林州重机,林州重机
西泵股份,西泵股份
海联金汇,海联金汇
司尔特,司尔特
云图控股,云图控股
亚太科技,亚太科技
鸿路钢构,鸿路钢构
中化岩土,中化岩土
万和电气,万和电气
杰赛科技,杰赛科技
东方铁塔,东方铁塔
新联电子,新联电子
春兴精工,春兴精工
金新农,金新农
凯美特气,凯美特气
千红制药,千红制药
尚荣医疗,尚荣医疗
宝鼎科技,宝鼎科技
南方轴承,南方轴承
惠博普,惠博普
三七互娱,三七互娱
辉隆股份,辉隆股份
洽洽食品,洽洽食品
巨人网络,巨人网络
亚威股份,亚威股份
通达股份,通达股份
徐家汇,徐家汇
兄弟科技,兄弟科技
森马服饰,森马服饰
天沃科技,天沃科技
顺灏股份,顺灏股份
益盛药业,益盛药业
唐人神,唐人神
百润股份,百润股份
步森股份,步森股份
贝因美,贝因美
*ST德力,*ST德力
索菲亚,索菲亚
清新环境,清新环境
明牌珠宝,明牌珠宝
群兴玩具,群兴玩具
通达动力,通达动力
雷柏科技,雷柏科技
闽发铝业,闽发铝业
中京电子,中京电子
圣阳股份,圣阳股份
未名医药,未名医药
好想你,好想你
海能达,海能达
西陇科学,西陇科学
双星新材,双星新材
围海股份,围海股份
奥拓电子,奥拓电子
史丹利,史丹利
瑞康医药,瑞康医药
万安科技,万安科技
恒大高新,恒大高新
八菱科技,八菱科技
日上集团,日上集团
比亚迪,比亚迪
豪迈科技,豪迈科技
海南瑞泽,海南瑞泽
金禾实业,金禾实业
山东章鼓,山东章鼓
盛通股份,盛通股份
领益智造,领益智造
龙蟒佰利,龙蟒佰利
世纪华通,世纪华通
以岭药业,以岭药业
ST龙力,ST龙力
姚记扑克,姚记扑克
大连电瓷,大连电瓷
亚夏汽车,亚夏汽车
江苏国信,江苏国信
捷顺科技,捷顺科技
爱康科技,爱康科技
东方精工,东方精工
朗姿股份,朗姿股份
北玻股份,北玻股份
奥佳华,奥佳华
哈尔斯,哈尔斯
长青集团,长青集团
露笑科技,露笑科技
丹邦科技,丹邦科技
艾格拉斯,艾格拉斯
瑞和股份,瑞和股份
三垒股份,三垒股份
融钰集团,融钰集团
亚玛顿,亚玛顿
完美世界,完美世界
光启技术,光启技术
金达威,金达威
宜昌交运,宜昌交运
成都路桥,成都路桥
仁智股份,仁智股份
华西能源,华西能源
德尔未来,德尔未来
道明光学,道明光学
申科股份,申科股份
棒杰股份,棒杰股份
安洁科技,安洁科技
金安国纪,金安国纪
赞宇科技,赞宇科技
勤上股份,勤上股份
雪人股份,雪人股份
跨境通,跨境通
永高股份,永高股份
荣之联,荣之联
万润股份,万润股份
佛慈制药,佛慈制药
华宏科技,华宏科技
青青稞酒,青青稞酒
民盛金科,民盛金科
卫星石化,卫星石化
博彦科技,博彦科技
加加食品,加加食品
利君股份,利君股份
扬子新材,扬子新材
海思科,海思科
万润科技,万润科技
共达电声,共达电声
摩登大道,摩登大道
中科金财,中科金财
雪迪龙,雪迪龙
凯文教育,凯文教育
茂硕电源,茂硕电源
克明面业,克明面业
京威股份,京威股份
普邦股份,普邦股份
长鹰信质,长鹰信质
首航节能,首航节能
德联集团,德联集团
鞍重股份,鞍重股份
奥马电器,奥马电器
康达新材,康达新材
国盛金控,国盛金控
龙泉股份,龙泉股份
东江环保,东江环保
西部证券,西部证券
兴业科技,兴业科技
东诚药业,东诚药业
顺威股份,顺威股份
浙江美大,浙江美大
珠江钢琴,珠江钢琴
福建金森,福建金森
长生生物,长生生物
奋达科技,奋达科技
龙洲股份,龙洲股份
宏大爆破,宏大爆破
猛狮科技,猛狮科技
华东重机,华东重机
亿利达,亿利达
乔治白,乔治白
金河生物,金河生物
远大智能,远大智能
美亚光电,美亚光电
冀凯股份,冀凯股份
睿康股份,睿康股份
双成药业,双成药业
顾地科技,顾地科技
煌上煌,煌上煌
百洋股份,百洋股份
红旗连锁,红旗连锁
博实股份,博实股份
美盛文化,美盛文化
新疆浩源,新疆浩源
奥瑞金,奥瑞金
海欣食品,海欣食品
浙江世宝,浙江世宝
新宝股份,新宝股份
良信电器,良信电器
众信旅游,众信旅游
光洋股份,光洋股份
天赐材料,天赐材料
慈铭体检,慈铭体检
欧浦智网,欧浦智网
思美传媒,思美传媒
东易日盛,东易日盛
牧原股份,牧原股份
登云股份,登云股份
金贵银业,金贵银业
岭南股份,岭南股份
友邦吊顶,友邦吊顶
麦趣尔,麦趣尔
宏良股份,宏良股份
金一文化,金一文化
金轮股份,金轮股份
金莱特,金莱特
海洋王,海洋王
跃岭股份,跃岭股份
龙大肉食,龙大肉食
一心堂,一心堂
特一药业,特一药业
好利来,好利来
电光科技,电光科技
萃华珠宝,萃华珠宝
燕塘乳业,燕塘乳业
雄韬股份,雄韬股份
利民股份,利民股份
王子新材,王子新材
国信证券,国信证券
葵花药业,葵花药业
中矿资源,中矿资源
万达电影,万达电影
爱迪尔,爱迪尔
光华科技,光华科技
三圣股份,三圣股份
富煌钢构,富煌钢构
木林森,木林森
仙坛股份,仙坛股份
埃斯顿,埃斯顿
世龙实业,世龙实业
国光股份,国光股份
龙津药业,龙津药业
易尚展示,易尚展示
昇兴股份,昇兴股份
永东股份,永东股份
东方新星,东方新星
永兴特钢,永兴特钢
南兴装备,南兴装备
华通医药,华通医药
天际股份,天际股份
凤形股份,凤形股份
多喜爱,多喜爱
金发拉比,金发拉比
汇洁股份,汇洁股份
蓝黛传动,蓝黛传动
索菱股份,索菱股份
先锋电子,先锋电子
国恩股份,国恩股份
普路通,普路通
科迪乳业,科迪乳业
真视通,真视通
众兴菌业,众兴菌业
康弘药业,康弘药业
快意电梯,快意电梯
文科园林,文科园林
柏堡龙,柏堡龙
久远银海,久远银海
高科石化,高科石化
中坚科技,中坚科技
三夫户外,三夫户外
奇信股份,奇信股份
可立克,可立克
凯龙股份,凯龙股份
万里石,万里石
银宝山新,银宝山新
华源控股,华源控股
鹭燕医药,鹭燕医药
建艺集团,建艺集团
瑞尔特,瑞尔特
坚朗五金,坚朗五金
通宇通讯,通宇通讯
东音股份,东音股份
永和智控,永和智控
世嘉科技,世嘉科技
第一创业,第一创业
帝王洁具,帝王洁具
环球印务,环球印务
天顺股份,天顺股份
微光股份,微光股份
洪汇新材,洪汇新材
吉宏股份,吉宏股份
丰元股份,丰元股份
华锋股份,华锋股份
江阴银行,江阴银行
苏州恒久,苏州恒久
红墙股份,红墙股份
山东赫达,山东赫达
亚泰国际,亚泰国际
创新股份,创新股份
路畅科技,路畅科技
崇达技术,崇达技术
和科达,和科达
黄山胶囊,黄山胶囊
富森美,富森美
东方中科,东方中科
桂发祥,桂发祥
凯莱英,凯莱英
中装建设,中装建设
凯中精密,凯中精密
和胜股份,和胜股份
纳尔股份,纳尔股份
易明医药,易明医药
高争民爆,高争民爆
贝肯能源,贝肯能源
星网宇达,星网宇达
名雕股份,名雕股份
裕同科技,裕同科技
比音勒芬,比音勒芬
弘亚数控,弘亚数控
同为股份,同为股份
新宏泽,新宏泽
英维克,英维克
道恩股份,道恩股份
张家港行,张家港行
华统股份,华统股份
视源股份,视源股份
翔鹭钨业,翔鹭钨业
泰嘉股份,泰嘉股份
同兴达,同兴达
英联股份,英联股份
盐津铺子,盐津铺子
高斯贝尔,高斯贝尔
威星智能,威星智能
科达利,科达利
麦格米特,麦格米特
道道全,道道全
皮阿诺,皮阿诺
捷荣技术,捷荣技术
美芝股份,美芝股份
三晖电气,三晖电气
力盛赛车,力盛赛车
洁美科技,洁美科技
星帅尔,星帅尔
瀛通通讯,瀛通通讯
实丰文化,实丰文化
今飞凯达,今飞凯达
盘龙药业,盘龙药业
钧达股份,钧达股份
传艺科技,传艺科技
周大生,周大生
绿康生化,绿康生化
金溢科技,金溢科技
香山股份,香山股份
伟隆股份,伟隆股份
天圣制药,天圣制药
新天药业,新天药业
安奈儿,安奈儿
三利谱,三利谱
智能自控,智能自控
元隆雅图,元隆雅图
长缆科技,长缆科技
卫光生物,卫光生物
美格智能,美格智能
金龙羽,金龙羽
中设股份,中设股份
凌霄泵业,凌霄泵业
京泉华,京泉华
沃特股份,沃特股份
绿茵生态,绿茵生态
惠威科技,惠威科技
东方嘉盛,东方嘉盛
弘宇股份,弘宇股份
中宠股份,中宠股份
科力尔,科力尔
华通热力,华通热力
川恒股份,川恒股份
中大力德,中大力德
意华股份,意华股份
赛隆药业,赛隆药业
英派斯,英派斯
哈三联,哈三联
大博医疗,大博医疗
铭普光磁,铭普光磁
宇环数控,宇环数控
金逸影视,金逸影视
华阳集团,华阳集团
华森制药,华森制药
德生科技,德生科技
集泰股份,集泰股份
庄园牧场,庄园牧场
佛燃股份,佛燃股份
中新赛克,中新赛克
奥士康,奥士康
中欣氟材,中欣氟材
深南电路,深南电路
金奥博,金奥博
蒙娜丽莎,蒙娜丽莎
名臣健康,名臣健康
德赛西威,德赛西威
联诚精密,联诚精密
伊戈尔,伊戈尔
润都股份,润都股份
盈趣科技,盈趣科技
华西证券,华西证券
泰永长征,泰永长征
华夏航空,华夏航空
润建通信,润建通信
宏川智慧,宏川智慧
锋龙股份,锋龙股份
特锐德,特锐德
神州泰岳,神州泰岳
乐普医疗,乐普医疗
南风股份,南风股份
探路者,探路者
莱美药业,莱美药业
汉威科技,汉威科技
天海防务,天海防务
安科生物,安科生物
立思辰,立思辰
鼎汉技术,鼎汉技术
华测检测,华测检测
新宁物流,新宁物流
亿纬锂能,亿纬锂能
爱尔眼科,爱尔眼科
北陆药业,北陆药业
网宿科技,网宿科技
中元股份,中元股份
硅宝科技,硅宝科技
银江股份,银江股份
大禹节水,大禹节水
吉峰农机,吉峰农机
宝德股份,宝德股份
机器人,机器人
华星创业,华星创业
红日药业,红日药业
华谊兄弟,华谊兄弟
金亚科技,金亚科技
天龙光电,天龙光电
阳普医疗,阳普医疗
宝通科技,宝通科技
金龙机电,金龙机电
同花顺,同花顺
钢研高纳,钢研高纳
中科电气,中科电气
超图软件,超图软件
新宙邦,新宙邦
梅泰诺,梅泰诺
上海凯宝,上海凯宝
九洲电气,九洲电气
回天新材,回天新材
朗科科技,朗科科技
星辉娱乐,星辉娱乐
赛为智能,赛为智能
华力创通,华力创通
台基股份,台基股份
天源迪科,天源迪科
合康新能,合康新能
福瑞股份,福瑞股份
世纪鼎利,世纪鼎利
三五互联,三五互联
中青宝,中青宝
欧比特,欧比特
鼎龙股份,鼎龙股份
万邦达,万邦达
三维丝,三维丝
万顺股份,万顺股份
蓝色光标,蓝色光标
东方财富,东方财富
康旗股份,康旗股份
中能电气,中能电气
天龙集团,天龙集团
豫金刚石,豫金刚石
海兰信,海兰信
三川智慧,三川智慧
安诺其,安诺其
南都电源,南都电源
金利华电,金利华电
碧水源,碧水源
华谊嘉信,华谊嘉信
三聚环保,三聚环保
当升科技,当升科技
华平股份,华平股份
数字政通,数字政通
GQY视讯,GQY视讯
国民技术,国民技术
思创医惠,思创医惠
数码科技,数码科技
易成新能,易成新能
恒信东方,恒信东方
奥克股份,奥克股份
劲胜智能,劲胜智能
海默科技,海默科技
银之杰,银之杰
康芝药业,康芝药业
荃银高科,荃银高科
长信科技,长信科技
文化长城,文化长城
盛运环保,盛运环保
金通灵,金通灵
科新机电,科新机电
金刚玻璃,金刚玻璃
国联水产,国联水产
华伍股份,华伍股份
易联众,易联众
智云股份,智云股份
高新兴,高新兴
精准信息,精准信息
双林股份,双林股份
振芯科技,振芯科技
乾照光电,乾照光电
达刚路机,达刚路机
乐视网,乐视网
龙源技术,龙源技术
西部牧业,西部牧业
建新股份,建新股份
吉药控股,吉药控股
新开源,新开源
华仁药业,华仁药业
向日葵,向日葵
万讯自控,万讯自控
顺网科技,顺网科技
中航电测,中航电测
长盈精密,长盈精密
坚瑞沃能,坚瑞沃能
嘉寓股份,嘉寓股份
东方日升,东方日升
瑞普生物,瑞普生物
经纬电材,经纬电材
阳谷华泰,阳谷华泰
智飞生物,智飞生物
亚光科技,亚光科技
汇川技术,汇川技术
易世达,易世达
锐奇股份,锐奇股份
银河磁体,银河磁体
锦富技术,锦富技术
泰胜风能,泰胜风能
新国都,新国都
英唐智控,英唐智控
青松股份,青松股份
华策影视,华策影视
大富科技,大富科技
宝利国际,宝利国际
信维通信,信维通信
先河环保,先河环保
晨光生物,晨光生物
晓程科技,晓程科技
中环装备,中环装备
和顺电气,和顺电气
沃森生物,沃森生物
星普医科,星普医科
宋城演艺,宋城演艺
中金环境,中金环境
汤臣倍健,汤臣倍健
香雪制药,香雪制药
天舟文化,天舟文化
量子高科,量子高科
世纪瑞尔,世纪瑞尔
昌红科技,昌红科技
科融环境,科融环境
科泰电源,科泰电源
瑞凌股份,瑞凌股份
安居宝,安居宝
神雾环保,神雾环保
恒泰艾普,恒泰艾普
振东制药,振东制药
新研股份,新研股份
秀强股份,秀强股份
华中数控,华中数控
雷曼股份,雷曼股份
先锋新材,先锋新材
通源石油,通源石油
天瑞仪器,天瑞仪器
东方国信,东方国信
迪威迅,迪威迅
万达信息,万达信息
天晟新材,天晟新材
汉得信息,汉得信息
东富龙,东富龙
中电环保,中电环保
智慧松德,智慧松德
元力股份,元力股份
朗源股份,朗源股份
鸿特精密,鸿特精密
中海达,中海达
腾邦国际,腾邦国际
四方达,四方达
华峰超纤,华峰超纤
佐力药业,佐力药业
捷成股份,捷成股份
东软载波,东软载波
力源信息,力源信息
通裕重工,通裕重工
大华农,大华农
永清环保,永清环保
美亚柏科,美亚柏科
神农基因,神农基因
维尔利,维尔利
潜能恒信,潜能恒信
科斯伍德,科斯伍德
佳士科技,佳士科技
福安药业,福安药业
长荣股份,长荣股份
长海股份,长海股份
铁汉生态,铁汉生态
纳川股份,纳川股份
翰宇药业,翰宇药业
高盟新材,高盟新材
海伦哲,海伦哲
聚龙股份,聚龙股份
聚光科技,聚光科技
舒泰神,舒泰神
天喻信息,天喻信息
理邦仪器,理邦仪器
欣旺达,欣旺达
恒顺众昇,恒顺众昇
天泽信息,天泽信息
森远股份,森远股份
亿通科技,亿通科技
易华录,易华录
佳讯飞鸿,佳讯飞鸿
日科化学,日科化学
电科院,电科院
千山药机,千山药机
东方电热,东方电热
安利股份,安利股份
鸿利智汇,鸿利智汇
金运激光,金运激光
银禧科技,银禧科技
科大智能,科大智能
北京君正,北京君正
正海磁材,正海磁材
金力泰,金力泰
上海钢联,上海钢联
光韵达,光韵达
富瑞特装,富瑞特装
拓尔思,拓尔思
永利股份,永利股份
银信科技,银信科技
洲明科技,洲明科技
金城医药,金城医药
开尔新材,开尔新材
方直科技,方直科技
上海新阳,上海新阳
美晨生态,美晨生态
冠昊生物,冠昊生物
东宝生物,东宝生物
飞力达,飞力达
瑞丰光电,瑞丰光电
明家联合,明家联合
瑞丰高材,瑞丰高材
迪安诊断,迪安诊断
天玑科技,天玑科技
宝莱特,宝莱特
乐金健康,乐金健康
新开普,新开普
依米康,依米康
初灵信息,初灵信息
光线传媒,光线传媒
金信诺,金信诺
卫宁健康,卫宁健康
仟源医药,仟源医药
常山药业,常山药业
星星科技,星星科技
开山股份,开山股份
精锻科技,精锻科技
新天科技,新天科技
新莱应材,新莱应材
雅本化学,雅本化学
巴安水务,巴安水务
隆华节能,隆华节能
佳创视讯,佳创视讯
通光线缆,通光线缆
兴源环境,兴源环境
尔康制药,尔康制药
佳沃股份,佳沃股份
联建光电,联建光电
中威电子,中威电子
华宇软件,华宇软件
开能环保,开能环保
和佳股份,和佳股份
阳光电源,阳光电源
梅安森,梅安森
三丰智能,三丰智能
海联讯,海联讯
华昌达,华昌达
和晶科技,和晶科技
南通锻压,南通锻压
金明精机,金明精机
汇冠股份,汇冠股份
温州宏丰,温州宏丰
苏交科,苏交科
国瓷材料,国瓷材料
安科瑞,安科瑞
飞利信,飞利信
朗玛信息,朗玛信息
利德曼,利德曼
荣科科技,荣科科技
华录百纳,华录百纳
吴通控股,吴通控股
蓝英装备,蓝英装备
博雅生物,博雅生物
三六五网,三六五网
利亚德,利亚德
蓝盾股份,蓝盾股份
三诺生物,三诺生物
富春股份,富春股份
汉鼎宇佑,汉鼎宇佑
长方集团,长方集团
同有科技,同有科技
聚飞光电,聚飞光电
云意电气,云意电气
裕兴股份,裕兴股份
远方信息,远方信息
慈星股份,慈星股份
中际旭创,中际旭创
吉艾科技,吉艾科技
宜通世纪,宜通世纪
任子行,任子行
邦讯技术,邦讯技术
天山生物,天山生物
戴维医疗,戴维医疗
掌趣科技,掌趣科技
晶盛机电,晶盛机电
珈伟股份,珈伟股份
博晖创新,博晖创新
麦捷科技,麦捷科技
海达股份,海达股份
同大股份,同大股份
硕贝德,硕贝德
华灿光电,华灿光电
旋极信息,旋极信息
德威新材,德威新材
凯利泰,凯利泰
中颖电子,中颖电子
宜安科技,宜安科技
海伦钢琴,海伦钢琴
华虹计通,华虹计通
苏大维格,苏大维格
天壕环境,天壕环境
兆日科技,兆日科技
津膜科技,津膜科技
迪森股份,迪森股份
新文化,新文化
银邦股份,银邦股份
开元股份,开元股份
润和软件,润和软件
科恒股份,科恒股份
麦迪电气,麦迪电气
天银机电,天银机电
联创互联,联创互联
太空智造,太空智造
红宇新材,红宇新材
南大光电,南大光电
泰格医药,泰格医药
长亮科技,长亮科技
金卡智能,金卡智能
华鹏飞,华鹏飞
永贵电器,永贵电器
北信源,北信源
东土科技,东土科技
东华测试,东华测试
蒙草生态,蒙草生态
光一科技,光一科技
我武生物,我武生物
楚天科技,楚天科技
全通教育,全通教育
炬华科技,炬华科技
奥赛康,奥赛康
天翔环境,天翔环境
博腾股份,博腾股份
中文在线,中文在线
恒华科技,恒华科技
创意信息,创意信息
东方网力,东方网力
汇金股份,汇金股份
绿盟科技,绿盟科技
安控科技,安控科技
汇中股份,汇中股份
欣泰退,欣泰退
扬杰科技,扬杰科技
恒通科技,恒通科技
鹏翎股份,鹏翎股份
易事特,易事特
赢时胜,赢时胜
鼎捷软件,鼎捷软件
东方通,东方通
安硕信息,安硕信息
溢多利,溢多利
斯莱克,斯莱克
光环新网,光环新网
三联虹普,三联虹普
雪浪环境,雪浪环境
飞天诚信,飞天诚信
富邦股份,富邦股份
国祯环保,国祯环保
艾比森,艾比森
天华超净,天华超净
康跃科技,康跃科技
腾信股份,腾信股份
中来股份,中来股份
天孚通信,天孚通信
菲利华,菲利华
迪瑞医疗,迪瑞医疗
天和防务,天和防务
飞凯材料,飞凯材料
京天利,京天利
劲拓股份,劲拓股份
花园生物,花园生物
宝色股份,宝色股份
地尔汉宇,地尔汉宇
博济医药,博济医药
科隆股份,科隆股份
九强生物,九强生物
凯发电气,凯发电气
三环集团,三环集团
道氏技术,道氏技术
正业科技,正业科技
金盾股份,金盾股份
迦南科技,迦南科技
快乐购,快乐购
中光防雷,中光防雷
伊之密,伊之密
苏试试验,苏试试验
南华仪器,南华仪器
昆仑万维,昆仑万维
浩丰科技,浩丰科技
五洋停车,五洋停车
力星股份,力星股份
博世科,博世科
鲁亿通,鲁亿通
航新科技,航新科技
环能科技,环能科技
唐德影视,唐德影视
红相股份,红相股份
四通新材,四通新材
强力新材,强力新材
诚益通,诚益通
暴风集团,暴风集团
富临精工,富临精工
蓝思科技,蓝思科技
金石东方,金石东方
中泰股份,中泰股份
广生堂,广生堂
清水源,清水源
鹏辉能源,鹏辉能源
美康生物,美康生物
运达科技,运达科技
鲍斯股份,鲍斯股份
普丽盛,普丽盛
金雷风电,金雷风电
双杰电气,双杰电气
康斯特,康斯特
乐凯新材,乐凯新材
全信股份,全信股份
浩云科技,浩云科技
汉邦高科,汉邦高科
先导智能,先导智能
创业软件,创业软件
山河药辅,山河药辅
三鑫医疗,三鑫医疗
康拓红外,康拓红外
耐威科技,耐威科技
赢合科技,赢合科技
全志科技,全志科技
金科文化,金科文化
惠伦晶体,惠伦晶体
田中精机,田中精机
华铭智能,华铭智能
迈克生物,迈克生物
星徽精密,星徽精密
高伟达,高伟达
赛摩电气,赛摩电气
迅游科技,迅游科技
四方精创,四方精创
信息发展,信息发展
日机密封,日机密封
厚普股份,厚普股份
新元科技,新元科技
德尔股份,德尔股份
景嘉微,景嘉微
聚隆科技,聚隆科技
胜宏科技,胜宏科技
合纵科技,合纵科技
杭州高新,杭州高新
神思电子,神思电子
光力科技,光力科技
濮阳惠成,濮阳惠成
万孚生物,万孚生物
沃施股份,沃施股份
蓝海华腾,蓝海华腾
赛升药业,赛升药业
东杰智能,东杰智能
蓝晓科技,蓝晓科技
恒锋工具,恒锋工具
中飞股份,中飞股份
华自科技,华自科技
通合科技,通合科技
山鼎设计,山鼎设计
润欣科技,润欣科技
盛天网络,盛天网络
美尚生态,美尚生态
中科创达,中科创达
富祥股份,富祥股份
温氏股份,温氏股份
高澜股份,高澜股份
启迪设计,启迪设计
海顺新材,海顺新材
新易盛,新易盛
昊志机电,昊志机电
天邑股份,天邑股份
川金诺,川金诺
名家汇,名家汇
苏奥传感,苏奥传感
维宏股份,维宏股份
新美星,新美星
金冠电气,金冠电气
雪榕生物,雪榕生物
中亚股份,中亚股份
恒泰实达,恒泰实达
友讯达,友讯达
三德科技,三德科技
久之洋,久之洋
海波重科,海波重科
盛讯达,盛讯达
新光药业,新光药业
科大国创,科大国创
爱司凯,爱司凯
世名科技,世名科技
辰安科技,辰安科技
博思软件,博思软件
中潜股份,中潜股份
华舟应急,华舟应急
幸福蓝海,幸福蓝海
健帆生物,健帆生物
达志科技,达志科技
优博讯,优博讯
今天国际,今天国际
冰川网络,冰川网络
陇神戎发,陇神戎发
达威股份,达威股份
农尚环境,农尚环境
广信材料,广信材料
同益股份,同益股份
横河模具,横河模具
深冷股份,深冷股份
先进数通,先进数通
新晨科技,新晨科技
朗科智能,朗科智能
联得装备,联得装备
雄帝科技,雄帝科技
川环科技,川环科技
博创科技,博创科技
优德精密,优德精密
和仁科技,和仁科技
古鳌科技,古鳌科技
万集科技,万集科技
集智股份,集智股份
三超新材,三超新材
路通视信,路通视信
丝路视觉,丝路视觉
理工光科,理工光科
贝达药业,贝达药业
佳发安泰,佳发安泰
中富通,中富通
汇金科技,汇金科技
乐心医疗,乐心医疗
神宇股份,神宇股份
科信技术,科信技术
激智科技,激智科技
精测电子,精测电子
星源材质,星源材质
天能重工,天能重工
太辰光,太辰光
平治信息,平治信息
安车检测,安车检测
兴齐眼药,兴齐眼药
中旗股份,中旗股份
容大感光,容大感光
开润股份,开润股份
会畅通讯,会畅通讯
数字认证,数字认证
贝斯特,贝斯特
晨曦航空,晨曦航空
英飞特,英飞特
赛托生物,赛托生物
海辰药业,海辰药业
奥联电子,奥联电子
美联新材,美联新材
天铁股份,天铁股份
熙菱信息,熙菱信息
江龙船艇,江龙船艇
移为通信,移为通信
万里马,万里马
华凯创意,华凯创意
新雷能,新雷能
欧普康视,欧普康视
利安隆,利安隆
吉大通信,吉大通信
诚迈科技,诚迈科技
雄塑科技,雄塑科技
瑞特股份,瑞特股份
康泰生物,康泰生物
飞荣达,飞荣达
立昂技术,立昂技术
长川科技,长川科技
恒锋信息,恒锋信息
金太阳,金太阳
拓斯达,拓斯达
思特奇,思特奇
汇纳科技,汇纳科技
晨化股份,晨化股份
美力科技,美力科技
宣亚国际,宣亚国际
富瀚微,富瀚微
欣天科技,欣天科技
尚品宅配,尚品宅配
安靠智电,安靠智电
寒锐钴业,寒锐钴业
金银河,金银河
光库科技,光库科技
维业股份,维业股份
博士眼镜,博士眼镜
捷捷微电,捷捷微电
万兴科技,万兴科技
三雄极光,三雄极光
华瑞股份,华瑞股份
华测导航,华测导航
亿联网络,亿联网络
新劲刚,新劲刚
普利制药,普利制药
久吾高科,久吾高科
光莆股份,光莆股份
开立医疗,开立医疗
彩讯股份,彩讯股份
达安股份,达安股份
同和药业,同和药业
扬帆新材,扬帆新材
广和通,广和通
凯普生物,凯普生物
德艺文创,德艺文创
正丹股份,正丹股份
透景生命,透景生命
万通智控,万通智控
南京聚隆,南京聚隆
正元智慧,正元智慧
侨源气体,侨源气体
超频三,超频三
星云股份,星云股份
杭州园林,杭州园林
太龙照明,太龙照明
金陵体育,金陵体育
雷迪克,雷迪克
正海生物,正海生物
世纪天鸿,世纪天鸿
晶瑞股份,晶瑞股份
民德电子,民德电子
弘信电子,弘信电子
延江股份,延江股份
中孚信息,中孚信息
江苏雷利,江苏雷利
圣邦股份,圣邦股份
科锐国际,科锐国际
科蓝软件,科蓝软件
鹏鹞环保,鹏鹞环保
飞鹿股份,飞鹿股份
江丰电子,江丰电子
必创科技,必创科技
杰恩设计,杰恩设计
沪宁股份,沪宁股份
大烨智能,大烨智能
富满电子,富满电子
国科微,国科微
佩蒂股份,佩蒂股份
建科院,建科院
华大基因,华大基因
英科医疗,英科医疗
中科信息,中科信息
电连技术,电连技术
隆盛科技,隆盛科技
英搏尔,英搏尔
朗新科技,朗新科技
海特生物,海特生物
中石科技,中石科技
艾德生物,艾德生物
智动力,智动力
赛意信息,赛意信息
创业黑马,创业黑马
澄天伟业,澄天伟业
双一科技,双一科技
联合光电,联合光电
中环环保,中环环保
盛弘股份,盛弘股份
兆丰股份,兆丰股份
爱乐达,爱乐达
电工合金,电工合金
万马科技,万马科技
光威复材,光威复材
岱勒新材,岱勒新材
森霸股份,森霸股份
天宇股份,天宇股份
创源文化,创源文化
九典制药,九典制药
阿石创,阿石创
威唐工业,威唐工业
聚灿光电,聚灿光电
精研科技,精研科技
万隆光电,万隆光电
广哈通信,广哈通信
永福股份,永福股份
英可瑞,英可瑞
凯伦股份,凯伦股份
国立科技,国立科技
华信新材,华信新材
长盛轴承,长盛轴承
安达维尔,安达维尔
海川智能,海川智能
怡达股份,怡达股份
新余国科,新余国科
一品红,一品红
药石科技,药石科技
宏达电子,宏达电子
润禾材料,润禾材料
天常股份,天常股份
乐歌股份,乐歌股份
科创信息,科创信息
科创新源,科创新源
设研院,设研院
西菱动力,西菱动力
光弘科技,光弘科技
百华悦邦,百华悦邦
科顺股份,科顺股份
奥飞数据,奥飞数据
明阳电路,明阳电路
御家汇,御家汇
华宝股份,华宝股份
越博动力,越博动力
天地数码,天地数码
电子器件,京东方
电子器件,王东升
电子器件,陈炎顺
电子器件,移动健康
电子器件,TFT-LCD
电子器件,智慧零售
金融行业,农业银行
金融行业,周慕冰
金融行业,赵欢
金融行业,贷款
金融行业,理财
金融行业,银行
电子信息,乐视
电子信息,刘淑青
电子信息,贾跃亭
电子信息,乐视网
电子信息,乐视影业
电子信息,乐视体育
有色金属,紫金矿业
有色金属,陈景河
有色金属,蓝福生
有色金属,开采
有色金属,矿业
有色金属,有色金属
电子器件,中环半导体
电子器件,沈浩平
电子器件,秦玉茂
电子器件,半导体器件
电子器件,高效光伏电站
电子器件,半导体材料
金融行业,工商银行
金融行业,易会满
金融行业,谷澍
金融行业,贷款
金融行业,理财
金融行业,银行
有色金属,中国铝业
有色金属,余德辉 
有色金属,卢东亮
有色金属,氧化铝
有色金属,电解铝
有色金属,铝
船舶制造,中国船舶重工
船舶制造,姜仁锋
船舶制造,胡问鸣
船舶制造,船舶配套业
船舶制造,船用电子设备
船舶制造,国防军工
机械行业,陕西坚瑞沃能
机械行业,李瑶
机械行业,郭鸿宝
机械行业,消防工程系统
机械行业,消防设备维修
机械行业,自动报警
金融行业,平安银行
金融行业,马明哲
金融行业,谢永林
金融行业,贷款
金融行业,理财
金融行业,银行
金融行业,中信证券
金融行业,张佑君
金融行业,杨明辉
金融行业,证券经纪
金融行业,投资咨询
金融行业,证券交易
#N/A,赤峰吉隆黄金矿业
#N/A,吕晓兆
#N/A,赵美光
#N/A,黄金勘探
#N/A,开采
#N/A,原材料
金融行业,中国银行
金融行业,陈四清
金融行业,任德奇
金融行业,贷款
金融行业,理财
金融行业,银行
农林牧渔,北大荒农业
农林牧渔,刘长友
农林牧渔,贺天元
农林牧渔,种植加工
农林牧渔,农业生产加工
农林牧渔,农业
电子信息,分众传媒
电子信息,刘杰良
电子信息,刘杰良
电子信息,户外广告
电子信息,传媒
电子信息,广告营销
机械行业,农华智慧农业科技
机械行业,贾浚
机械行业,发动机
机械行业,柴油机
机械行业,拖拉机
电子信息,东方财富
电子信息,其实
电子信息,陶涛
电子信息,财经资讯
电子信息,金融数据
电子信息,东方财富网
金融行业,建设银行
金融行业,田国立
金融行业,王祖继
金融行业,贷款
金融行业,理财
金融行业,银行
#N/A,洛阳钼业
#N/A,李朝春
#N/A,李发本
#N/A,钼
#N/A,钨
#N/A,黄金
电子信息,北信源软件
电子信息,林皓
电子信息,赵战生
电子信息,信息安全
电子信息,终端安全
电子信息,数据服务
石油行业,中国石化
石油行业,王玉普
石油行业,戴厚良
石油行业,石油
石油行业,能源
石油行业,化工
食品行业,伊利实业集团
食品行业,潘刚
食品行业,刘春海
食品行业,纯牛奶
食品行业,优酸乳
食品行业,安慕希
煤炭行业,永泰能源
煤炭行业,徐培忠
煤炭行业,王军
煤炭行业,煤炭
煤炭行业,能源
煤炭行业,开采
电子信息,网宿科技
电子信息,刘成彦
电子信息,洪珂
电子信息,全站加速
电子信息,Cloudedge
电子信息,直播加速
化工行业,海南橡胶
化工行业,王任飞
化工行业,李宝友
化工行业,橡胶生产
化工行业,种植
化工行业,加工
房地产,宋广菊
房地产,度假村开发
房地产,低碳概念
家电行业,柴国生
家电行业,LED
家电行业,氙气灯
家电行业,金卤灯
家电行业,紫外线杀菌灯
商业百货,阳烽
商业百货,华联超市
电子信息,王晓初
电子信息,5G基站
#N/A,侯恩龙
#N/A,苏宁易购以旧换新
#N/A,国米
#N/A,苏宁电器
化纤行业,楼翔
化纤行业,石化化纤
化纤行业,PTA
化纤行业,恒逸文莱
房地产,王永红
房地产,如意岛
房地产,自由贸易港
房地产,半山半岛
农林牧渔,陈章瑞
农林牧渔,刘辉
农林牧渔,泛玉298
农林牧渔,泰诺克
农林牧渔,马宗海
农林牧渔,戈壁农业产业园
农林牧渔,敦玉
农林牧渔,敦甜
农林牧渔,敦棉
汽车制造,谭旭光
汽车制造,陕汽重卡
汽车制造,法拉帝
汽车制造,柴油机
汽车制造,法士特
公路桥梁,曾国华
公路桥梁,房地产高速
有色金属,孙兆学
有色金属,黄金冶炼
有色金属,投资金片
有色金属,投资金条
化工行业,朱守琛
化工行业,染料中间体
化工行业,苯胺-2
化工行业,苯系中间体产品
化工行业,5-双磺酸
电子信息,卢明
电子信息,医疗信息化
电子信息,光伏电站
电子信息,绿色电池
家电行业,李东升
家电行业,TCL液晶电视
家电行业,palm手机
家电行业,TCL空调
家电行业,液晶面板
电子器件,陈志成
电子器件,iMAPx210
电子器件,iMAPx820
电子器件,iMAPx8系列
有色金属,许开华
有色金属,超细钴粉
有色金属,超细镍粉
有色金属,电子废弃物利用
有色金属,电池回收
金融行业,马明哲
金融行业,小额贷款
金融行业,平安普惠
金融行业,平安信用卡
金融行业,平安银行
金融行业,唐双宁
金融行业,光大银行信用卡中心
金融行业,光大银行贷款
金融行业,阳光理财
金融行业,小银行家卡
电子器件,陈亚妹
电子器件,麦达SaaS指数
电子器件,LED制造
电子器件,SCRM
交通运输,王昌顺
交通运输,里程兑换机票
交通运输,掌上值机
交通运输,ICS电子客票
飞机制造,刘眉玄
飞机制造,卫星应用
飞机制造,惯性导航
飞机制造,无人机
飞机制造,机电组件
电子器件,郑少波
电子器件,MCU电路
电子器件,LED照明驱动电路
电子器件,mos管
电子器件,IPM产品
电子信息,刘伟
电子信息,自动售检票
电子信息,站台门
电子信息,视频监控系统
农林牧渔,徐自立
农林牧渔,养猪
农林牧渔,冷链物流
农林牧渔,标准化膳食
农林牧渔,生猪屠宰加工
农林牧渔,张国华
农林牧渔,黄金
农林牧渔,铬矿石
农林牧渔,铁矿石
农林牧渔,铁合金
金融行业,林志强
金融行业,发光二极管
金融行业,全色系超高亮度发光二极管
金融行业,LED芯片
金融行业,太阳能电池
农药化肥,夏增文
农药化肥,功率半导体
农药化肥,双极性晶体管
农药化肥,快恢复二极管
农药化肥,场效应晶体管
电子信息,张轩松
电子信息,永辉生活
电子信息,永辉城市生活广场
电子信息,永辉微店
电子信息,永辉物流
飞机制造,官庆
飞机制造,上海环球金融中心
飞机制造,中央电视台新址
飞机制造,工程承包
飞机制造,基础设施建设
机械行业,袁小平
机械行业,大东海度假村
机械行业,大东海酒店
电子器件,郭春林
电子器件,药用动植物养殖
电子器件,现代中药
电子器件,测序仪
电子器件,人参制品
房地产,时旸
房地产,MTC
房地产,ETC
房地产,金融支付
房地产,电子政务
电子器件,李克华
电子器件,钨矿
电子器件,滴灌设备
电子器件,盐硝伴生矿
电子器件,盐藻菌生产
有色金属,冉云
有色金属,佣金宝
有色金属,投资宝
有色金属,投顾宝
钢铁行业,谢康民
钢铁行业,盐桥
钢铁行业,钾肥
钢铁行业,钾盐
钢铁行业,氢氧化钾
家电行业,莫晓宇
家电行业,北斗卫星导航
家电行业,铁道行业行为识别
家电行业,光电吊舱
家电行业,周全景
水泥行业,刘选民
水泥行业,C919
水泥行业,运8原型机
水泥行业,运8C型机
水泥行业,新舟
物资外贸,耿宪良
物资外贸,油用钻头
物资外贸,矿用钻头
物资外贸,麻花钻头
物资外贸,牙轮钻头
电子器件,高辉
电子器件,彩色显像管玻壳
电子器件,彩色显示器玻壳
电子器件,玻锥
电子器件,玻屏
化工行业,王石
化工行业,万科物业
化工行业,四季花城
化工行业,城市花园
化工行业,金色家园
电子信息,李六军
电子信息,半导体集成电路
电子信息,封装测试
电子信息,集成电路封装
电子信息,晶元级镜头
金融行业,李国红
金融行业,西岭金矿床
农林牧渔,陈德荣
农林牧渔,汽车板
农林牧渔,电工钢
农林牧渔,热轧高强钢
农林牧渔,镀锡板
金融行业,陈环
金融行业,燃气热水器
金融行业,燃气灶
金融行业,油烟机
金融行业,家用中央热水
医疗器械,高登榜
医疗器械,海螺牌
医疗器械,海螺牌水泥
医疗器械,硅酸盐水泥
电力行业,刘艳
电力行业,对外援助
电力行业,多哥阿尼耶制糖联合企业
房地产,王兴权
房地产,硅单晶抛光片
房地产,去绒产品
房地产,硅材料
房地产,抛光片
化纤行业,么志义
化纤行业,纯碱
化纤行业,烧碱
化纤行业,PVC
化纤行业,高白细旦粘胶短纤维
电子信息,刘惠城
电子信息,全民奇迹
电子信息,拳皇
电子信息,不良人
电子信息,大掌门
水泥行业,彭纯
水泥行业,创业一站通
水泥行业,太平洋卡
水泥行业,展业通
水泥行业,卓业一站通
电子器件,智慧系统
电子器件,健康服务
电子器件,半导体
电子器件,显示器件
电子器件,王东升
金融行业,银行
金融行业,贷款
金融行业,理财
金融行业,金融
金融行业,周慕冰
电子信息,乐视网
电子信息,短视频
电子信息,智能终端
电子信息,电动汽车
电子信息,贾跃亭
有色金属,黄金
有色金属,开采
有色金属,有色金属
有色金属,矿业
有色金属,陈景河
电子器件,生产制造
电子器件,电子元件
电子器件,半导体
电子器件,高压硅堆
电子器件,沈浩平
金融行业,银行
金融行业,贷款
金融行业,理财
金融行业,金融
金融行业,易会满
有色金属,氧化铝
有色金属,金属制品
有色金属,有色金属
有色金属,铝
有色金属,余德辉 
船舶制造,船舶
船舶制造,船用电子设备
船舶制造,国防军工
船舶制造,生产制造
船舶制造,姜仁锋
机械行业,消防
机械行业,企业服务
机械行业,生产制造
机械行业,电气设备
机械行业,李瑶
金融行业,银行
金融行业,贷款
金融行业,理财
金融行业,金融
金融行业,谢永林
金融行业,证券经纪
金融行业,投资咨询
金融行业,证券交易
金融行业,证券
金融行业,张佑君
#N/A,黄金勘探
#N/A,黄金
#N/A,开采
#N/A,有色金属
#N/A,吕晓兆
金融行业,银行
金融行业,贷款
金融行业,理财
金融行业,金融
金融行业,陈四清
农林牧渔,食品
农林牧渔,农业
农林牧渔,种植加工
农林牧渔,农业生产加工
农林牧渔,刘长友
电子信息,视频媒体
电子信息,户外广告
电子信息,传媒
电子信息,广告营销
电子信息,刘杰良
机械行业,发动机
机械行业,汽车零部件
机械行业,农机
机械行业,机械
机械行业,贾浚
电子信息,财经资讯
电子信息,金融数据
电子信息,互联网
电子信息,大数据
电子信息,其实
金融行业,银行
金融行业,贷款
金融行业,理财
金融行业,金融
金融行业,田国立
#N/A,贵金属
#N/A,开采
#N/A,有色金属
#N/A,钼
#N/A,李朝春
电子信息,信息安全
电子信息,终端安全
电子信息,数据服务
电子信息,软件
电子信息,林皓
石油行业,石油
石油行业,能源
石油行业,开采
石油行业,化工
石油行业,王玉普
食品行业,乳制品
食品行业,食品饮料
食品行业,食品制造
食品行业,牛奶
食品行业,潘刚
煤炭行业,煤炭
煤炭行业,能源
煤炭行业,开采
煤炭行业,焦煤
煤炭行业,徐培忠
电子信息,企业IT服务
电子信息,服务器托管
电子信息,网络优化
电子信息,IT基础设施
电子信息,刘成彦
化工行业,橡胶生产
化工行业,橡塑制品
化工行业,原材料
化工行业,养殖业
化工行业,王任飞
房地产,保利房地产
房地产,刘平
房地产,尹超
房地产,地产家居
房地产,房地产开发
房地产,保障房
房地产,商业地产
家电行业,雪莱特光电科技
家电行业,冼树忠
家电行业,柴华
家电行业,节能灯
家电行业,电子镇流器
家电行业,光电子器件
家电行业,照明灯具
商业百货,北京华联综合超市
商业百货,池伟
商业百货,崔艳萍
商业百货,批发零售
商业百货,百货商场
商业百货,房地产
商业百货,商务服务
电子信息,中国联通
电子信息,陆益民
电子信息,李福申
电子信息,通信
电子信息,宽带
电子信息,电信业务
#N/A,苏宁易购
#N/A,张近东
#N/A,黄金老
#N/A,综合性电商
#N/A,跨境电商
#N/A,零售业
#N/A,电子支付
化纤行业,恒逸集团
化纤行业,楼剑常
化纤行业,陈莎莎
化纤行业,化学纤维
化纤行业,合成材料
化纤行业,涤纶
化纤行业,化工化纤
房地产,中弘股份
房地产,吴学军
房地产,刘祖明
房地产,房产
房地产,房地产开发
房地产,商业地产
房地产,金融地产
农林牧渔,中农发种业集团
农林牧渔,臧亚利
农林牧渔,周先标
农林牧渔,农药化肥
农林牧渔,棉花
农林牧渔,玉米
农林牧渔,小麦
农林牧渔,敦煌种业股份
农林牧渔,姜泉庆
农林牧渔,张绍平
农林牧渔,种子种植培育
农林牧渔,农林牧渔
农林牧渔,植物育种
汽车制造,潍柴动力
汽车制造,卢毅
汽车制造,张忠
汽车制造,汽车交通
汽车制造,仪器装备
汽车制造,汽车零部件
汽车制造,动力系统
公路桥梁,海南高速公路股份
公路桥梁,朱伟晶
公路桥梁,周堃
公路桥梁,汽车交通
公路桥梁,房地产
公路桥梁,旅游服务
有色金属,中金黄金股份
有色金属,王福江
有色金属,宋鑫
有色金属,高纯金
有色金属,标准金
有色金属,电解银
有色金属,电解铜
化工行业,建新化工股份
化工行业,陈学为
化工行业,高辉
化工行业,化工制品
化工行业,医药中间体
化工行业,纤维中间体
电子信息,中国长城科技
电子信息,刘烈宏
电子信息,杜和平
电子信息,计算机零部件
电子信息,云计算
电子信息,云存储
电子信息,系统集成
家电行业,TCL集团
家电行业,廖骞
家电行业,金盱植
家电行业,电视
家电行业,手机
家电行业,空调
家电行业,小家电
电子器件,盈方微电子
电子器件,李元
电子器件,赵海峰
电子器件,影像处理器
电子器件,应用处理器
电子器件,芯片
电子器件,集成电路
有色金属,格林美
有色金属,程青民
有色金属,王敏
有色金属,新材料
有色金属,有色金属
有色金属,废品回收
有色金属,能源节能
金融行业,中国平安保险集团
金融行业,孙建一
金融行业,任汇川
金融行业,车险
金融行业,重疾险
金融行业,意外险
金融行业,平安保险
金融行业,光大银行
金融行业,李晓鹏
金融行业,潘东
金融行业,传统银行
金融行业,金融机构
金融行业,商业银行
金融行业,银行地产
电子器件,北京麦达数字
电子器件,乔昕
电子器件,高礼强
电子器件,便携式DVD
电子器件,PMP
电子器件,车载视听
电子器件,LCD-TV
交通运输,南方航空
交通运输,谭万庚
交通运输,张子芳
交通运输,航空公司
交通运输,公共交通
交通运输,出海公司
飞机制造,航天时代电子科技
飞机制造,王亚文
飞机制造,任德民
飞机制造,航空航天
飞机制造,电子元件
飞机制造,国防军工
飞机制造,量子通信
电子器件,士兰微电子
电子器件,陈向东
电子器件,马良
电子器件,电子元件
电子器件,芯片
电子器件,半导体
电子器件,元器件
电子信息,新科佳都科技
电子信息,刘敏东
电子信息,胡少苑
电子信息,智能安防
电子信息,物联网应用
电子信息,智能交通
电子信息,人工智能应用
农林牧渔,罗牛山
农林牧渔,张小林
农林牧渔,李再华
农林牧渔,畜牧业
农林牧渔,禽畜养殖
农林牧渔,农副产品加工
农林牧渔,肉类加工
农林牧渔,西部黄金股份有限公司
农林牧渔,何建璋
农林牧渔,徐存元
农林牧渔,贵金属
农林牧渔,有色金属
农林牧渔,黄金
农林牧渔,金属矿石
金融行业,三安光电
金融行业,林科闯
金融行业,任凯
金融行业,电子设备
金融行业,电子元件
金融行业,芯片
金融行业,半导体
农药化肥,华微电子
农药化肥,聂嘉宏
农药化肥,于胜东
农药化肥,半导体
农药化肥,电子元件
农药化肥,绿色照明
农药化肥,芯片
电子信息,永辉超市
电子信息,李国
电子信息,翁海辉
电子信息,零售超市
电子信息,生鲜
电子信息,连锁超市
电子信息,快消品
飞机制造,中国建筑工程总公司
飞机制造,王祥明
飞机制造,刘锦章
飞机制造,建筑材料
飞机制造,土木工程
飞机制造,工程建筑
机械行业,大东海旅游中心
机械行业,唐山荣
机械行业,汪宏娟
机械行业,旅游户外
机械行业,酒店
机械行业,度假村
机械行业,豪华游轮
电子器件,紫鑫药业
电子器件,徐大庆
电子器件,张万恒
电子器件,制药
电子器件,中成药
电子器件,医药生物
电子器件,药物研发
房地产,航天信息
房地产,於亮
房地产,陈仕俗
房地产,智能交通
房地产,信息技术
房地产,信息安全
电子器件,甘肃亚盛实业
电子器件,杨树军
电子器件,李克恕
电子器件,农业种植
电子器件,农副产品加工
电子器件,盐业化工
电子器件,化工纺织原料加工
有色金属,国金证券
有色金属,金鹏
有色金属,杜航
有色金属,买卖证券
有色金属,证券承销
有色金属,期货经纪
有色金属,财务顾问
钢铁行业,青海盐湖工业股份有限公司
钢铁行业,吴文好
钢铁行业,王兴福
钢铁行业,农药
钢铁行业,化学化工
钢铁行业,化肥
家电行业,振芯科技
家电行业,谢俊
家电行业,杨国勇
家电行业,特种行业
家电行业,航空航天
家电行业,导航
家电行业,国防军工
水泥行业,中航飞机股份有限公司
水泥行业,何胜强
水泥行业,李广兴
水泥行业,特大型航空工业
水泥行业,航空航天
水泥行业,国防
水泥行业,航天军工
物资外贸,中石化石油机械
物资外贸,谢永金
物资外贸,袁建强
物资外贸,高分子材料
物资外贸,硬质合金
物资外贸,油用设备
物资外贸,石油机械
电子器件,安彩高科
电子器件,蔡志端
电子器件,陈志刚
电子器件,电子玻璃管
电子器件,节能灯
电子器件,玻璃陶瓷
电子器件,光伏玻璃
化工行业,万科集团
化工行业,谭华杰
化工行业,祝九胜
化工行业,物业开发
化工行业,物业服务
化工行业,房产开发
化工行业,住宅地产
电子信息,天水华天科技
电子信息,肖胜利
电子信息,常文瑛
电子信息,集成电路
电子信息,传感器
电子信息,电子元件
电子信息,机器人
金融行业,山东黄金矿业
金融行业,王培月
金融行业,李涛
金融行业,贵金属
金融行业,黄金
金融行业,有色金属
金融行业,矿石开采
农林牧渔,宝钢股份
农林牧渔,邹继新
农林牧渔,戴志浩
农林牧渔,彩涂板
农林牧渔,家电板
农林牧渔,钢管
农林牧渔,条钢
金融行业,万家乐
金融行业,陈伟
金融行业,黄志雄
金融行业,厨卫家电
金融行业,厨电
金融行业,电气设备
金融行业,数码家电
医疗器械,海螺水泥
医疗器械,吴斌
医疗器械,王建超
医疗器械,水泥
医疗器械,熟料
医疗器械,建材
医疗器械,非金属矿
电力行业,中成进出口
电力行业,张晖
电力行业,林滟
电力行业,贸易出口
电力行业,物资援助
电力行业,技术援助
房地产,有研新材料
房地产,上官永恒
房地产,张少明
房地产,高新技术
房地产,半导体材料
房地产,芯片
化纤行业,唐山三友化工
化纤行业,王铁英
化纤行业,张建敏
化纤行业,化学化工
化纤行业,氯化钙
化纤行业,基础化学原料
电子信息,北京掌趣科技
电子信息,邓攀
电子信息,姚文哲
电子信息,游戏开发
电子信息,手机游戏
电子信息,网页游戏
电子信息,游戏周边
水泥行业,交通银行
水泥行业,于亚利
水泥行业,牛锡明
水泥行业,银行
水泥行业,金融机构
水泥行业,传统金融
水泥行业,综合性银行
英维克,空调
好莱客,好莱客
长安汽车,cx20
汇金科技,atm机
爱普股份,安佳
亚夏汽车,晨风
龙力生物,木质素
丰林集团,胶合板
寒锐钴业,电解铜
中国食品,芬达
广汽集团,帕杰罗
宁波银行,宁波银行
华意压缩,压缩机
联发股份,制衣
上汽集团,凯迪拉克
乐凯新材,磁卡
龙宇燃油,汽油
金融街,公寓
雅士利国际,多美滋
长安汽车,悦翔v5
金路集团,烧碱
青山纸业,青山纸业
航天信息,航天信息
银座股份,银座
中青宝,中青宝
中科云网,湘鄂情
皮阿诺,皮阿诺
上海家化,家安
张裕A,张裕
木林森,木林森
南纺股份,朗诗
安科生物,十滴水
亚夏汽车,哥瑞
伟星股份,钮扣
星徽精密,滑轨
永和智控,气阀
达威股份,着色剂
银鸽投资,绿原
老白干酒,老窖
恒通科技,钢结构
广汽集团,思迪
绝味食品,绝味
腾讯控股,英雄联盟
宝信汽车,捷豹xe
星期六,索菲娅
众信旅游,众信旅游
联想集团,联想手机
万讯自控,流量计
蓝科高新,热交换
恒宝股份,一卡通
蒙牛乳业,冠益乳
格林美,护栏
金山软件,360浏览器
上海石油化工股份,乙烯
曲江文旅,汉阳馆
章源钨业,矿山
永安药业,牛磺酸
长城汽车,凌傲
永和智控,过滤器
三圣股份,硫酸
东风汽车,标致308s
中国海洋石油,中海油
中国人寿,中国人寿
上汽集团,mg6
宝信汽车,奥迪a6l
乐视网,乐视视频
科大讯飞,科大讯飞
新宁物流,卫星定位
长安汽车,欧尚
比亚迪,思锐
中昌数据,买卖
千禾味业,酱油
蒙牛乳业,真果粒
嘉华国际,嘉华国际
宝信汽车,英菲尼迪qx50
美盈森,包装材料
富临精工,摇臂
宝泰隆,洗煤
吉利汽车,沃尔沃s60
华中数控,世纪星
宝信汽车,奥迪s7
万家乐,万家乐
中原环保,供暖
百丽国际,他她
科通芯城,内存
万和电气,万和
豫园商城,豫园
吉利汽车,沃尔沃s90
完美世界,最终幻想
上汽集团,上汽集团
大富科技,大富科技
亚夏汽车,长安福特
五粮液,五粮液
锐奇股份,吹风机
华谊兄弟,华谊兄弟
坚朗五金,五金
周黑鸭,周黑鸭
世纪游轮,巨人网络
北大荒,北大荒
招商银行,招商银行
嘉化能源,氢氧化钠
山东矿机,破碎机
民生银行,民生银行
海信电器,海信电视
伊利股份,金领冠
通产丽星,吹塑
长城汽车,哈弗h9
杭州解百,解百
国金证券,国金证券
亚夏汽车,福瑞迪
蒙牛乳业,优益c
老白干酒,老白干酒
建设银行,中国建设银行
中国平安,中国平安
腾讯控股,腾讯新闻
同洲电子,机顶盒
上汽集团,凯迪拉克xts
科通芯城,压力传感器
易尚展示,易尚
天虹商场,天虹商场
四川长虹,长虹空调
东凌国际,压缩机
北京汽车,瑞纳
伊利股份,伊利股份
长城汽车,炫丽
广发证券,广发证券
联发股份,织造
金马股份,众泰
苏宁云商,苏宁易购
恺英网络,魔神英雄传
广汽集团,广汽吉奥
威创股份,led
百隆东方,纱线
中芯国际,集成电路
金山软件,360手机助手
怡球资源,铝合金
拉芳家化,雨洁
上汽集团,斯柯达
远东传动,传动轴
腾讯控股,王者荣耀
统一企业中国,绿茶
安琪酵母,安琪
蒙牛乳业,绿色心情
金达威,胆固醇
上汽集团,途观
高科石化,液压油
曲江文旅,大雁塔
中顺洁柔,太阳
海航投资,亿城
世纪游轮,世纪游轮
东风汽车,景逸
北纬通信,大掌门
上海家化,六神花露水
汤臣倍健,维生素c
北京控股,燕京啤酒
宝信汽车,揽胜极光
一汽轿车,新宝来
登云股份,气门
百丽国际,万斯
上汽集团,昂科威
杭叉集团,叉车
西藏旅游,巴松措
广信股份,多菌灵
营口港,营口港
上海梅林,佛手
东信和平,一卡通
广汽集团,广汽丰田
soho中国,望京soho
迪威视讯,智慧城市
龙湖地产,龙湖
荣华实业,荣华
银邦股份,铝合金
森马服饰,森马
众和股份,新能源
申科股份,轴承
宝胜股份,铜线
史丹利,复合肥
光大证券,光大证券
金杯汽车,大力神
中化化肥,欧博
拉芳家化,美多丝
瑞安房地产,武汉天地
一汽轿车,红旗h7
报喜鸟,hazzys
金杯汽车,金典
复星国际,复星
比亚迪,比亚迪f3
安徽海螺水泥股份,水泥
白银有色,黄金
西安旅游,兵马俑
广州浪奇,万丽
太平鸟,乐町
长城汽车,哈弗h6
杭氧股份,氧气
康恩贝,康恩贝
一汽轿车,威志
科通芯城,编码器
诚志股份,清华大学
晨化股份,聚醚
太平洋,太平洋
梅花生物,牛磺酸
华昌化工,纯碱
亚夏汽车,马自达cx-7
顾家家居,顾家家居
迪瑞医疗,仪器
新华百货,新华百货
中国铝业,铝板
大商股份,麦凯乐
宝信汽车,楼兰
建设银行,建行
安泰科技,焊条
洋河股份,梦之蓝
宝信汽车,蔚领
雅士利国际,蒙牛
宝信汽车,prologue
嘉年华国际,金钱豹
罗牛山,罗牛山
柏堡龙,服装设计
联创电子,模具
中国石油,中国石油
中能电气,变压器
一汽夏利,一汽夏利
南京银行,南京银行
中国银行,中国银行
中化化肥,美利达
摩登大道,商场
恒安国际,七度空间
万向钱潮,万向钱潮
航天长峰,航天长峰
东风汽车,东风标致
洽洽食品,洽洽
联创电子,触摸屏
辽宁成大,广发证券
科通芯城,保险丝
百丽国际,阿迪达斯
中国粮油控股,香雪
香港中旅,中国国旅
中国中铁,南京长江大桥
南天信息,智慧城市
东风汽车,爱丽舍
美图公司,美拍
宝信汽车,揽胜
东风汽车,景逸xv
大华股份,乐橙
完美世界,梦幻诛仙
一汽夏利,夏利n7
完美世界,神雕侠侣
陕天然气,天然气
宏盛股份,换热器
富春环保,电力
昊华能源,无烟煤
兴业科技,纳帕
东凌国际,豆粕
津膜科技,膜结构
金山软件,金山毒霸
众兴菌业,金针菇
上汽集团,爱唯欧
杉杉股份,锂电池
鲁泰A,文迪
金山软件,360极速浏览器
江龙船艇,游艇
百丽国际,adidas
三川智慧,水表
科通芯城,晶体
吉比特,乱战
东方航空,东方航空
吉林高速,吉林高速
比亚迪,比亚迪m6
东风汽车,标致207
中信银行,中信银行
恒信移动,蜂窝
泰和新材,氨纶
长白山,长白山
华闻传媒,华商报
汉森制药,汉森
白云山,奇星
安妮股份,王者
爱普股份,香精
上海机场,上海机场
沱牌舍得,沱牌舍得
威创股份,威创
金字火腿,金字火腿
老凤祥,老凤祥
纽威股份,蝶阀
百丽国际,思加图
金科股份,金科
日出东方,日出东方
东方财富,天天基金网
中国建筑,中海地产
国泰君安,国泰君安证券
黑牡丹,erq
东风汽车,猛士
保利协鑫能源,单晶硅
长城汽车,赛影
新北洋,扫描仪
腾讯控股,qq
锐奇股份,冲击钻
聚龙股份,点钞机
集智股份,测试机
利安隆,抗氧化剂
东风汽车,菱智
长安汽车,悦翔v3
科通芯城,光纤
上汽集团,明锐
景兴纸业,景兴纸业
曙光股份,车桥
龙宇燃油,成品油
华北高速,京沈高速
宝信汽车,天籁
西王食品,葡萄糖
甘肃电投,新能源
安诺其,染料
亚夏汽车,福克斯
三维股份,输送带
永辉超市,永辉
洛阳钼业,洛阳钼业
君正集团,电石
宝信汽车,普拉多
华峰氨纶,氨纶
高升控股,数据中心
上汽集团,君越
完美世界,青云志
仟源医药,原料药
三聚环保,焦化
华帝股份,华帝
北京汽车,索纳塔八
陕国投A,融资租赁
振芯科技,元器件
联创电子,镜片
华润三九,三九胃泰
三圣股份,石膏
上海梅林,梅林
老白干酒,衡水老白干
恒宝股份,ic卡
达利食品,达利园
加加食品,食醋
新宝股份,东菱
宝信汽车,宝马2系
亚夏汽车,江淮
中化化肥,爱可
富瀚微,芯片
明泰铝业,铝价
西安旅游,西安兵马俑
康师傅控股,茉莉清茶
珍宝岛,珍宝岛
老白干酒,老白干
亚夏汽车,瑞风
红蜻蜓,红蜻蜓
金发拉比,拉比
宝信汽车,花冠
华邦健康,农药
冰川网络,远征
华统股份,饲料
中粮糖业,屯河
凯乐科技,线缆
秋林集团,大列巴
合纵科技,元器件
中钢国际,耐火材料
上海家化,上海家化
宝信汽车,奥迪q3
长城汽车,哈弗
网宿科技,云计算
联想集团,thinkpad
科通芯城,开关
东方中科,电源
日海通讯,光缆
桂林三金,三金
深康佳A,康佳电视
华邦健康,医药
世纪游轮,征程
亚夏汽车,起亚k2
台海核电,冷冻
焦点科技,中国制造网
新莱应材,管件
欧比特,欧比特
世纪游轮,虚荣
兴业股份,清洗剂
成都路桥,隧道
石化机械,钻井
中国食品,醒目
上汽集团,凌渡
赛福天,索具
宝信汽车,宝马i8
好想你,百草味
白银有色,硫酸
齐心集团,齐心文具
皇氏集团,酸梅汤
统一企业中国,小当家
片仔癀,片仔癀
亚夏汽车,智跑
中青旅,中青旅
口子窖,口子窖
宝信汽车,捷豹xj
比亚迪,比亚迪g6
辉隆股份,钾肥
海越股份,丙烯
金路集团,盐酸
歌尔股份,机器人
裕同科技,纸箱
燕京啤酒,燕京啤酒
青岛海尔,海尔热水器
亚夏汽车,撼路者
亚夏汽车,福特
捷顺科技,门禁
上汽集团,荣威w5
上工申贝,胶卷
宝信汽车,宝马i3
华茂股份,纺织
白云山,潘高寿
中国西电,变压器
国瓷材料,氧化铝
恒安国际,安儿乐
亨通光电,光通信
龙头股份,凤凰
*ST天首,信息技术
亚夏汽车,瑞风m5
汉邦高科,监控系统
威创股份,处理器
山东赫达,纤维素
上汽集团,雪佛兰
亚夏汽车,马自达6
新通联,木托盘
万科A,万科集团
科伦药业,科伦药业
网龙,开心
龙源电力,中能
宝利国际,沥青
姚记扑克,扑克
上汽集团,宝骏630
福瑞股份,去痛片
金山软件,360安全卫士
钢研高纳,合金
海泰发展,海泰
东阿阿胶,东阿阿胶
中电广通,集成电路
金马股份,芝麻
森源电气,互感器
艾迪精密,马达
兴齐眼药,抗炎药
韵达股份,韵达
新希望,新希望
王府井,王府井百货
文化长城,陶瓷
中国平安,中国平安保险
万洲国际,王中王
方正科技,方正
青松股份,松香
滨江集团,阳光海岸
东山精密,折弯机
申通快递,申通
宝信汽车,古思特
汇中股份,监控
山东墨龙,减速机
信捷电气,变频器
晨化股份,硅橡胶
宝信汽车,奥迪a3
亚夏汽车,一汽奥迪
嘉化能源,浓硫酸
一汽轿车,奔腾b70
美盛文化,白熊阅读
上汽集团,途安
浦发银行,浦发银行
完美世界,梦间集
海航创新,九龙山
百丽国际,摩西
湖南天雁,气门
统一企业中国,小浣熊
九鼎投资,九鼎投资
宝信汽车,宝马m5
天夏智慧,索芙特
易尚展示,3d打印
佳发安泰,智慧社区
明泰铝业,铝箔
晨化股份,硅油
开润股份,女包
亚夏汽车,东风雪铁龙
海信科龙,科龙
星网锐捷,云计算
白云山,白云山
金杯汽车,华晨金杯
厦门信达,信达
日月股份,底座
海尔电器,海尔洗衣机
保千里,保千里
智云股份,油底壳
宝信汽车,玛莎拉蒂
比亚迪,比亚迪f0
完美世界,完美世界
航天科技,航天科技
华伍股份,抽油机
上海能源,上海能源
东方中科,开关
南京熊猫,南京熊猫
爱尔眼科,青光眼
腾讯控股,腾讯视频
久远银海,人力资源
科新机电,硝酸
粤宏远A,时代广场
华策影视,上有老
爱普股份,香料
绿城中国,绿城
长城汽车,酷熊
胜利精密,冲压件
贵州茅台,茅台集团
上汽集团,sls赛威
亚夏汽车,杰德
东风汽车,雪铁龙c5
永泰能源,煤价
宝信汽车,奥迪a4l
菲达环保,除尘
科通芯城,定时器
荣盛石化,芳烃
宝信汽车,捷豹f-type
曲江文旅,大唐芙蓉园
蒙牛乳业,纯甄
广汽集团,凯美瑞
瑞安房地产,重庆天地
国电南瑞,国电南瑞
世纪游轮,球球大作战
大华股份,大华
亚夏汽车,金牛座
神州数码,神州数码
力帆股份,力帆320
东宝生物,明胶
华数传媒,手机电视
永和智控,止回阀
加加食品,鸡精
天原集团,发泡剂
歌力思,歌力思
香港中旅,锦绣中华
广汽集团,冠道
长城汽车,长城v80
格力电器,格力电器
明泰铝业,铝板
游久游戏,秀丽江山
西王食品,淀粉
长安汽车,金牛星
联想控股,联想集团
亚夏汽车,和悦
青岛海尔,海尔空调
一汽轿车,威乐
联想集团,天逸
宝信汽车,捷达
江淮汽车,征途
梦洁股份,梦洁
广誉远,广誉远
三七互娱,罗马帝国
瑞贝卡,瑞贝卡
光明乳业,优加
中国恒大,恒大地产
康师傅控股,康师傅绿茶
中兴通讯,中兴通讯
宋城演艺,杭州乐园
中科三环,房地产
熙菱信息,信息安全
宝信汽车,宝马x3
百丽国际,天美意
中潜股份,潜水服
亚夏汽车,上海通用别克
环球印务,说明书
康师傅控股,康师傅冰红茶
贵航股份,散热器
亚夏汽车,galaxy
金龙汽车,金龙汽车
金山软件,西山居游戏
亚夏汽车,锐欧
日月股份,轮毂
华胜天成,华胜天成
广汽集团,雅阁
保利协鑫能源,多晶硅
宝信汽车,一汽大众
老白干酒,今生缘
奥康国际,奥康
宝信汽车,保时捷911
完美世界,魔力宝贝
平潭发展,木材
南京熊猫电子股份,中国电子
吉鑫科技,轴承
中科三环,制药
睿康股份,电缆
宝信汽车,宝马7系
坚瑞沃能,新能源
中国食品,雪碧
金龙汽车,海格
兴业证券,兴业证券
乐凯胶片,华光
网龙,魔域
中粮糖业,梅林
昊志机电,主轴
洋河股份,海之蓝
太阳能,太阳能
华昌化工,尿素
比亚迪,比亚迪宋
凯美特气,干冰
苏泊尔,苏泊尔
宝信汽车,骏逸
达利食品,好吃点
广汽集团,传祺ga5
尚品宅配,尚品宅配
华平股份,智慧城市
广汽集团,奥德赛
金山软件,万年历
北京汽车,北京现代ix35
酒鬼酒,酒鬼酒
哈森股份,卡文
一汽轿车,奔腾b30
振芯科技,卫星定位
贵州茅台,贵州茅台
金枫酒业,石库门
华意压缩,华意
盛运环保,提升机
海兰信,海兰信
中国联通,中国联通
金螳螂,金螳螂
宝信汽车,捷豹xk
湘油泵,水泵
澳柯玛,澳柯玛
上海梅林,爱森
君正集团,硅铁
上汽集团,icon
中国食品,金帝
惠泉啤酒,惠泉啤酒
中国西电,绝缘子
百丽国际,森达
新野纺织,棉纱
乐金健康,乐金
江龙船艇,游轮
赛为智能,信息系统
广汽集团,广汽传祺
丽江旅游,丽江旅游攻略
中船防务,虎门大桥
宝信汽车,奥迪q5
东材科技,树脂
同花顺,同花顺
深康佳A,康佳
海马汽车,海马汽车
成都路桥,桥梁
万盛股份,阻燃剂
亚夏汽车,全顺
海南椰岛,凉茶
华鼎股份,锦纶丝
中国巨石,玻璃纤维
蒙牛乳业,特仑苏
石大胜华,液化气
泰山石油,油价
上汽集团,五菱宏光
金马股份,江南tt
上海家化,美加净
上海电气,电动机
同仁堂,同仁堂
亚夏汽车,起亚k3
亚夏汽车,思域
宝信汽车,威驰
完美世界,倚天屠龙记
北京文化,北京旅游
三毛派神,羊绒
探路者,探路者
艾迪精密,液压泵
中信银行,中信银行信用卡
宝信汽车,轩逸
吉比特,斗仙
贵州茅台,茅台
康普顿,康普顿
思特奇,手机营业厅
光线传媒,光线传媒
贝肯能源,国际贸易
柳化股份,大力
广汽集团,欧蓝德
浙江龙盛,浙江龙盛
科通芯城,fm
南风化工,奇强
世龙实业,烧碱
宝信汽车,发现
浪莎股份,浪莎
宝信汽车,宝马1系
宝信汽车,宝马x5
九鼎新材,复合材料
普莱柯,兽药
中国石油化工股份,原油
葛洲坝,葛洲坝
中国西电,套管
美图公司,美图
冠福股份,玻璃
比亚迪,比亚迪e6
海王生物,博宁
川金诺,磷酸盐
一汽轿车,一汽通用
宝信汽车,宝马3系
蓝晓科技,树脂
金刚玻璃,钢化玻璃
上汽集团,凯迪拉克cts
红豆股份,红豆
张家界,张家界旅游
苏宁云商,苏宁
贵州茅台,飞天
古越龙山,古越龙山
老板电器,老板电器
宝信汽车,宝马6系
中国食品,绍兴酒
永贵电器,轨道交通
国电南自,互感器
金达威,维生素a
新文化,新文化
南洋股份,电缆
号百控股,号码百事通
长安汽车,逸动
朗姿股份,朗姿
统一企业中国,阿萨姆奶茶
孚日股份,孚日
中国建筑,中国建筑
力帆股份,力帆汽车
海信科龙,科龙空调
孚日股份,洁玉
科通芯城,二极管
上汽集团,昕锐
贵广网络,高清电视
长青集团,燃气灶
百联股份,百联股份
宝信汽车,奥迪a5
云南旅游,云南旅游
东风汽车,风行s500
北京北辰实业股份,北辰三角洲
吉峰农机,收割机
歌尔股份,无人机
华策影视,子夜
安妮股份,富日
伊利股份,优酸乳
日月股份,铸件
科林环保,垃圾焚烧
蓝色光标,蓝色光标
*ST天首,有色金属
云南白药,云南白药牙膏
中金公司,中金
宝信汽车,mini clubman
S前锋,s前锋
开润股份,运动包
三联商社,三联生活周刊
连云港,连云港
南风化工,天使
安踏体育,斐乐
赛福天,钢丝绳
长安汽车,欧力威
凯撒文化,少年四大名捕
上汽集团,别克
中集集团,中集集团
宝信汽车,华晨宝马
莱宝高科,莱宝
清新环境,除尘
比亚迪,比亚迪汽车
拉芳家化,拉芳
宝信汽车,皇冠
中金环境,水箱
东风汽车,御风
东风汽车,思铭
太原重工,液压机
三毛派神,呢绒
亚夏汽车,睿翼
吉利汽车,沃尔沃v60
*ST钱江,贝纳利
峨眉山A,峨眉山
威华股份,纤维板
海利尔,除草剂
上海家化,佰草集
裕同科技,彩盒
康师傅控股,味全
亚夏汽车,瑞风s2
汤臣倍健,鱼油
浙江美大,美大
民生控股,民生证券
金山软件,剑网
杭氧股份,氦气
梅泰诺,物联网
维达国际,包大人
长安汽车,奔奔mini
宝信汽车,特锐
东风汽车,雪铁龙c6
广生堂,广生堂
北京汽车,伊兰特
康美药业,康美药业
中国通信服务,中国电信
康耐特,眼镜
吉利汽车,沃尔沃xc60
中国旺旺,浪味仙
出版传媒,出版传媒
完美世界,诛仙
天神娱乐,傲剑
来伊份,来伊份
金山软件,剑侠世界
金山软件,金山电池医生
东风汽车,东风汽车
上海石油化工股份,聚乙烯
金杯汽车,西部牛仔
中青宝,黑夜传说
嘉化能源,脂肪酸
太空板业,墙板
伟星股份,金属制品
明星电缆,电缆
海尔电器,海尔热水器
张家界,张家界
统一企业中国,鲜橙多
东方明珠,百视通
亚夏汽车,fusion
金禾实业,甲醇
统一企业中国,雅哈咖啡
联发股份,整理
上汽集团,君威
宝信汽车,英菲尼迪qx30
东信和平,智能卡
汤臣倍健,角鲨烯
宝信汽车,grancabrio
东风汽车,标致307
海南橡胶,天然橡胶
古鳌科技,验钞机
日出东方,四季沐歌
一汽夏利,夏利n5
维珍妮,维多利亚的秘密
纽威股份,阀门
西安旅游,西安旅游攻略
常铝股份,铝箔
传化智联,涂料
神州易桥,明胶
国瓷材料,氧化锆
金龙汽车,凯特
吉利汽车,沃尔沃v40
春秋航空,春秋航空
深圳国际,深圳国际
国机汽车,一汽轿车
南宁糖业,舒雅
龙头股份,菊花
南兴装备,包装机
康师傅控股,百事
远大控股,大宗商品
上汽集团,高尔
雪人股份,冰库
腾讯控股,微信
联创电子,镜头
荣泰健康,按摩椅
人民同泰,五苓散
平潭发展,林业
新华网,移动互联网
西藏旅游,西藏旅游
上汽集团,英朗
北玻股份,镀膜
绿盟科技,绿盟科技
光明乳业,莫斯利安
丰林集团,刨花板
华茂股份,纺纱
小天鹅A,小天鹅洗衣机
坚瑞沃能,灭火器
上汽集团,乐风
东信和平,公交卡
美图公司,美图秀秀
华媒控股,都市快报
香港中旅,中旅
纽威股份,止回阀
文化长城,工艺品
亚太科技,空调管
朗科智能,朗科
新宙邦,盖板
金山软件,金山词霸
上汽集团,上汽大众
中国移动,移动营业厅
东港股份,智能卡
南海控股,瑰柏翠
青岛海尔,青岛海尔
爱司凯,致胜
好想你,好想你
新宁物流,仓储
北斗星通,北斗导航
浔兴股份,拉链
泸州老窖,泸州老窖
康德莱,导尿管
北京汽车,索纳塔
思捷环球,esprit
科通芯城,电容
电魂网络,梦三国
九鼎新材,玻璃纤维
山东墨龙,抽油机
中航电子,昌河汽车
皇氏集团,木瓜奶
金禾实业,甲醛
宝信汽车,凯迪拉克srx
新北洋,打印机
维珍妮,锐步
山东如意,呢绒
德豪润达,led
广汽集团,理念s1
梅花生物,淀粉
光华科技,霍尼韦尔
中国西电,互感器
华宝国际,华芳
上汽集团,帕萨特
中超控股,电缆
梅花生物,谷氨酸
安妮股份,安妮
永贵电器,新能源
维珍妮,adidas
上汽集团,昕动
统一企业中国,小茗同学
兰石重装,煤化工
华峰超纤,纤维
东诚药业,胶原蛋白
维达国际,得宝
万孚生物,血糖仪
网龙,网龙
中粮糖业,福临门
上汽集团,宝骏560
金鸿能源,天然气
宝信汽车,panamera
会稽山,会稽山
广联达,广联达
青岛海尔,海尔冰箱
森马服饰,巴拉巴拉
TCL集团,阿尔卡特
大智慧,大智慧
香港交易所,港交所
快乐购,汽车
民生控股,民生银行
星网锐捷,移动互联网
工商银行,工商银行
奥马电器,奥马
焦点科技,领动
天威视讯,天威视讯
美图公司,美颜相机
贵州茅台,五星
康师傅控股,康师傅茉莉清茶
亚夏汽车,起亚k5
宝信汽车,捷豹
中国食品,中粮
麦迪电气,套筒
三全食品,三全
亚夏汽车,悦达起亚
五粮液,五粮醇
视觉中国,视觉中国
东风汽车,东风风神ax7
新文化,电视剧
蒙牛乳业,酸酸乳
恒宝股份,智能卡
东风汽车,毕加索
纽威股份,闸阀
宝信汽车,魅影
亚夏汽车,麦柯斯
贵航股份,密封条
华能新能源,新能源
梅花生物,赖氨酸
中国旺旺,旺旺
青松股份,冰片
网龙,天元
宝信汽车,兰德酷路泽
广汽集团,广汽乘用车
世纪游轮,仙侠世界
世嘉科技,精密机械
金杯汽车,阁瑞斯
辉丰股份,咪唑
紫光股份,紫光
海南航空,海南航空
方大集团,幕墙
美图公司,海报工厂
广汽集团,飞度
科通芯城,电容器
南天信息,数据中心
腾讯控股,qq空间
soho中国,长城脚下的公社
嘉化能源,盐酸
北京汽车,领动
龙蟒佰利,硫酸亚铁
掌趣科技,大掌门
中航电子,昌河
绿城中国,绿城中国
新文化,广告
荣之联,数据中心
腾讯控股,微信小程序
伊利股份,金典
网龙,征服
天神娱乐,十万个冷笑话
迪瑞医疗,试纸
特变电工,特变电工
世纪鼎利,通信
金禾实业,液氨
宝信汽车,玛驰
东方明珠,东方明珠塔
科通芯城,继电器
现代牧业,现代牧业
众和股份,锂电
力帆股份,力帆820
长城汽车,长城m4
中国船舶,集装箱船
金龙汽车,龙威
美图公司,美图手机
中国电影,中国电影
上海电气,断路器
大豪科技,缝纫机
南方航空,南方航空
三聚环保,催化剂
中国电信,中国电信
海利尔,杀虫剂
龙源电力,风力发电
乔治白,乔治白
亚夏汽车,瑞风m3
潍柴重机,卡车
长安汽车,长安cs15
汉鼎宇佑,智慧城市
白云机场,白云机场
桂林旅游,桂林旅游
共进股份,光猫
开润股份,电脑包
宝信汽车,enzo
科通芯城,时钟
南极电商,南极人
上汽集团,凯越
金马股份,众泰t600
吉利汽车,沃尔沃xc90
科通芯城,天线
中国粮油控股,红枫
星河生物,食用菌
东风汽车,东风小康
长城汽车,哈弗h7
宝信汽车,蓝鸟
梦百合,恒康
信威集团,王靖
星河生物,白玉菇
一汽轿车,天津一汽
达利食品,乐虎
一汽轿车,欧朗
星河生物,金针菇
宝信汽车,奥迪a6
幸福蓝海,电影片
鹏辉能源,电芯
格林美,铜板
宝鹰股份,智慧城市
甘肃电投,光伏
恒通股份,仓储
宝信汽车,揽胜运动版
南海控股,大地影院
华伍股份,工厂
晓程科技,集成电路
雪人股份,冷水机
歌尔股份,歌尔声学
宝信汽车,迈腾
盛屯矿业,黄金价格
华虹计通,轨道交通
诚益通,控制系统
鼎汉技术,屏蔽门
迎驾贡酒,迎驾贡酒
百合花,颜料
永新股份,注塑
中南文化,四通
中国重工,中国重工
东山精密,表面处理
香港交易所,香港交易所
中国光大银行,光大银行
科通芯城,铰链
上海天洋,胶粒
尔康制药,复方甘草片
光力科技,半导体
宝信汽车,玛莎拉蒂总裁
黑芝麻,黑芝麻
海利尔,杀菌剂
广汽集团,逸致
万达院线,万达电影
宝信汽车,宝马m3
吉祥航空,吉祥航空
宁波富邦,铝价
雅戈尔,雅戈尔
青岛海尔,海尔洗衣机
海通国际,海通证券
盛屯矿业,锌价
巨力索具,护角
首商股份,西单商场
美邦服饰,美邦
华侨城A,华侨城a
上汽集团,别克gl8
南天信息,打印机
奥瑞德,研磨机
浙江鼎力,叉车
金山软件,安兔兔
中科金财,咨询服务
东北制药,安婷
soho中国,凌空soho
上汽集团,mg
醋化股份,食品
富力地产,富力地产
泰山石油,房地产
中国粮油控股,四海
亚夏汽车,瑞风s3
一汽轿车,森雅m80
华伍股份,仓库
贵广网络,村村通
瑞泰科技,耐火材料
山西汾酒,汾酒
新创建集团,新世界
拓维信息,植物大战僵尸
中信证券,中信证券
恒安国际,心相印
东兴证券,东兴证券
海默科技,油田
中山公用,批发市场
漫步者,漫步者
宝信汽车,boxster
康师傅控股,康师傅
北京汽车,悦纳
长安汽车,悦翔
上海天洋,胶粉
航天电子,航天电子
天沃科技,军工
腾讯控股,qq浏览器
光明乳业,畅优
中国旺旺,旺仔
恺英网络,恺英网络
中国铝业,铝合金
华闻传媒,重庆时报
煌上煌,煌上煌
华策影视,绍兴师爷
银鸽投资,舒蕾
金山软件,金山云
海伦哲,消防车
金山软件,金山
粤海投资,粤海
龙源电力,火力发电
大连港,大连港
科通芯城,配件
国美电器,国美
神州信息,神州信息
鼎汉技术,电缆
亚夏汽车,马自达3星骋
复星国际,复星医药
强力新材,树脂胶
石大胜华,燃料油
盛运环保,输送机
赛为智能,大数据
恒生银行,恒生银行
南洋股份,电线
井神股份,氯化钙
科通芯城,开发板
贝因美,baby
宝信汽车,英菲尼迪qx
棒杰股份,丸美
同益股份,工程塑料
福日电子,福日
亚夏汽车,致胜
雷柏科技,雷柏
正泰电器,断路器
加加食品,味精
长城汽车,长城c30
凤竹纺织,面料
白银有色,硫酸铜
得利斯,鸡肉肠
宝信汽车,宝马5系gt
亚夏汽车,翼虎
游族网络,刀剑乱舞
亚夏汽车,东风本田
丽江旅游,丽江旅游
宝信汽车,速腾
恒康医疗,药品
太原重工,挖掘机
亚夏汽车,艾力绅
佳隆股份,佳隆
中国铝业,铝型材
东港股份,东港
联发股份,染色
北京利尔,耐火材料
中国国旅,中国国旅
黄山旅游,黄山旅游
启迪桑德,生活垃圾
中国恒大,恒大冰泉
湖南天雁,增压器
游久游戏,乌合之众
吉比特,问道
嘉化能源,蒸汽
泰胜风能,法兰
中青宝,天道
光线传媒,电视节目
游族网络,游族网络
联建光电,数字营销
洋河股份,洋河
北京汽车,途胜
宝信汽车,逍客
濮耐股份,耐火材料
青岛双星,青岛双星
安记食品,香辛料
罗莱生活,罗莱
方大集团,方大集团
首旅酒店,北京展览馆
吉鑫科技,轮毂
冰川网络,冰川网络
世纪游轮,大主宰
长安汽车,长安逸动
腾讯控股,腾讯体育
宝信汽车,宝来
中国船舶,散货船
莎普爱思,莎普爱思
威帝股份,控制器
交通银行,交通银行
量子高科,益生元
安居宝,智能家居
海欣食品,海欣
浪潮软件,浪潮软件
众兴菌业,蟹味菇
上汽集团,林荫大道
上汽集团,锐腾
北京汽车,北京现代
宝泰隆,煤化工
宝信汽车,dino
美盛文化,星学院
中能电气,绝缘子
深圳机场,深圳机场
北京汽车,雅绅特
科通芯城,变压器
汤臣倍健,褪黑素
长城汽车,长城c20r
国民技术,集成电路
丰东股份,火炉
上汽集团,荣御
威孚高科,增压器
科通芯城,陀螺仪
白云山,陈李济
宝信汽车,阳光
联发股份,纺纱
智慧松德,复合机
烽火通信,光缆
中国食品,孔乙己
永新股份,油墨
生意宝,电子商务
海兰信,船舶
环能科技,离心机
金力泰,油漆
恒康医疗,医疗服务
宝信汽车,神行者
宝信汽车,骊威
统一企业中国,统一鲜橙多
天津港,天津港
梦洁股份,梦洁家纺
科通芯城,存储器
上汽集团,朗逸
宝信汽车,sergio
宝信汽车,奥迪q7
盛屯矿业,银价
宝信汽车,宝马5系
羚锐制药,羚锐制药
瑞普生物,兽药
上汽集团,mg5
恒安国际,安乐
中国重汽,豪沃
合纵科技,变压器
海天精工,数控机床
海马汽车,海马s7
汉王科技,汉王科技
莲花健康,莲花味精
亚夏汽车,蒙迪欧
汉威电子,传感器
云意电气,调节器
四方精创,软件开发
九洲电气,型材
东方中科,示波器
三祥新材,氧化锆
凯盛科技,触摸屏
TCL集团,tcl
宝信汽车,奥迪s8
海马汽车,欢动
汤臣倍健,蜂王浆
长城汽车,长城汽车
科通芯城,连接器
爱司凯,胶印
中央商场,中央商场
北京汽车,悦动
江南嘉捷,扶梯
上汽集团,威朗
沱牌舍得,舍得酒
海能达,对讲机
东音股份,潜水泵
科通芯城,放大器
星网锐捷,物联网
奥康国际,康龙
晨光文具,晨光
贵人鸟,贵人鸟
五粮液,金六福
龙源电力,龙源
一汽轿车,大众cc
伊利股份,谷粒多
联发股份,热电
全聚德,全聚德烤鸭店
申华控股,华晨金杯
四通股份,坐便器
建新矿业,硫酸
广汽集团,缤智
亚夏汽车,马自达2
山河药辅,二氧化硅
上汽集团,宝骏
晨化股份,密封胶
怡球资源,铝价
际华集团,新兴铸管
一心堂,一心堂
杭氧股份,氢气
建设银行,建设银行
中南传媒,图书
日上集团,钢结构
金龙汽车,金龙
凯撒旅游,凯撒旅游
安踏体育,安踏
宝信汽车,英菲尼迪q50
光明乳业,光明乳业
完美世界,火炬之光
恒康医疗,保健品
一汽轿车,威志v2
万家文化,同道大叔
亚夏汽车,马自达5
长城汽车,wey
士兰微,半导体
海兰信,信息化
长城汽车,哈弗h2
风范股份,脚手架
恒顺醋业,恒顺
海通证券,海通证券
黑猫股份,炭黑
维力医疗,引流管
四川长虹,长虹
世名科技,添加剂
宝信汽车,锐志
联发股份,印染
黑牡丹,黑牡丹
新华网,新华网
申洲国际,adidas
平潭发展,平潭
东宝生物,胶原蛋白
一汽轿车,rav4
宝信汽车,奥迪a7
凯盛科技,氧化锆
新大陆,新大陆
建设银行,建行电子银行
上汽集团,大众
科泰电源,控制系统
东风汽车,c4世嘉
会畅通讯,电话会议
长城汽车,长城c50
方正证券,方正证券
通产丽星,注塑
方大炭素,石墨
汤臣倍健,番茄红素
华策影视,倾城之恋
美的集团,美的冰箱
亚夏汽车,flex
上汽集团,上海
金字火腿,咸肉
京东方A,京东方
维他奶国际,港式奶茶
中光防雷,避雷针
海兰信,航海
四环医药,川青
和科达,表面处理
同德化工,硫酸钠
金山软件,360云盘
广汽集团,雅力士
亚夏汽车,秀尔
金山软件,猎豹浏览器
雅士利国际,雅士利
晓程科技,芯片
天虹商场,天虹
维他奶国际,维他柠檬茶
百丽国际,北脸
浪潮信息,浪潮信息
安琪酵母,酵母
亚夏汽车,斯帕可
一汽轿车,奔腾b50
上汽集团,迈锐宝
中航飞机,客机
上海电影,电影院
家家悦,家家悦
东风集团股份,东风汽车
东方明珠,风行网
上海凤凰,上海凤凰
永新股份,包装膜
辉煌科技,配件
安徽海螺水泥股份,海螺
中南文化,三通
南方航空,南航
金种子酒,金种子酒
中国石油化工股份,汽油
摩恩电气,电缆
信息发展,软件开发
海信科龙,海信空调
美的集团,美的
亚威股份,数控机床
旭辉控股集团,旭辉
广汽集团,雷凌
马鞍山钢铁股份,马钢
远大控股,期货
维他奶国际,维他奶
七匹狼,七匹狼
拓维信息,愤怒的小鸟
网龙,英魂之刃
万达院线,imax
梅泰诺,大数据
上汽集团,乐风rv
长江传媒,纸张
宝信汽车,奥迪r8
凤凰光学,凤凰光学
嘉化能源,甘油
北京北辰实业股份,绿色家园
复星国际,金象网
新宏泰,断路器
金龙汽车,凯歌
燕塘乳业,乐比
统一企业中国,阿萨姆
雄塑科技,管材
绝味食品,绝味鸭脖
九牧王,九牧王
安诺其,催化剂
汤臣倍健,苹果醋
金马股份,众泰汽车
苏利股份,农药
德艺文化创意集团股份有限公司,月亮河
金字火腿,五香牛肉
九安医疗,九安医疗
常山药业,透明质酸
科大智能,新能源
理工光科,传感器
三花智控,电磁阀
太原重工,起重机
长青集团,壁挂炉
比亚迪,比亚迪秦
博世科,供水
新晨科技,软件开发
陕西煤业,陕西煤业
西安旅游,西安旅游
中航电测,传感器
亚夏汽车,东风日产
东风汽车,标致308
海澜之家,海澜之家
步步高,步步高
东风汽车,雪铁龙c4l
宝泰隆,焦炭
华统股份,火腿
洋河股份,天之蓝
贵州茅台,习酒
中国国航,中国国航
鹿港文化,纱线
方大集团,光伏
永创智能,包装材料
江中药业,初元
华媒控股,杭州网
中青宝,抗战
维宏股份,一体机
士兰微,集成电路
贝因美,贝因美
报喜鸟,报喜鸟
联想集团,拯救者
上汽集团,宝骏730
soho中国,前门大街
金杯汽车,雷龙
TCL集团,汤姆逊
盛屯矿业,金价
中化化肥,天吉
维他奶国际,菊花茶
通灵珠宝,通灵珠宝
上汽集团,荣威550
同为股份,摄像机
大禹节水,冷却塔
科通芯城,电源管理
天业通联,盾构机
鹏博士,鹏博士
长安汽车,睿骋
迪瑞医疗,试剂
中国中药,仙灵
吉鑫科技,齿轮箱
龙力生物,木糖
江铃汽车,江铃汽车
永和智控,角阀
新联电子,电能表
奥瑞德,抛光机
维珍妮,阿迪达斯
亚夏汽车,锐界
江苏龙蟠科技股份有限公司,龙蟠
中航电子,昌河铃木
云南旅游,云南旅游攻略
上汽集团,五菱之光
亚夏汽车,探险者
双箭股份,全棉
长安汽车,长安铃木
宝信汽车,macan
大西洋,大西洋
双杰电气,变压器
宝信汽车,carrera gt
科通芯城,单片机
重庆啤酒,重庆啤酒
中粮糖业,蔗糖
两面针,两面针
新宁物流,货运
安徽皖通高速公路,连霍高速
中信银行,中信
腾讯控股,腾讯游戏
安信信托,信托
宝信汽车,昂科雷
东易日盛,东易日盛
中国联通,联通4g
长安汽车,欧诺
广汽集团,凌派
国元证券,国元证券
广汽集团,传祺gs4
启明星辰,启明星辰
航天晨光,航天晨光
上海石油化工股份,涤纶
轻纺城,服装批发
中联重科,中联重科
章源钨业,地质
山西汾酒,杏花村
菲达环保,垃圾焚烧
北纬通信,虚拟运营商
新华文轩,教材
中信股份,中信
麦趣尔,麦趣尔
广汽集团,歌诗图
青岛啤酒,青岛啤酒
达利食品,可比克
中国石油化工股份,中国石化
惠天热电,供暖
宝利国际,渣油
广汽集团,广汽三菱
宝信汽车,宝马x2
上汽集团,昊锐
科通芯城,晶体管
中芯国际,中芯国际
科通芯城,平衡器
宝信汽车,捷豹xf
上汽集团,荣威950
中国联通,联通网上营业厅
珠江啤酒,珠江啤酒
西南证券,西南证券
乐视网,乐视网
成都路桥,公路
华宏科技,打包机
亚夏汽车,千里马
九阳股份,九阳豆浆机
中科三环,风险投资
韵达股份,韵达快递
延华智能,智慧城市
新莱应材,管道
美的集团,美的集团
大禹节水,注塑机
科通芯城,处理器
三聚环保,煤化工
安妮股份,金好
科通芯城,滤波器
上海梅林,冠生园
三峡新材,钢化玻璃
上汽集团,桑塔纳
上汽集团,荣威360
亚夏汽车,远舰
维珍妮,under armour
全信股份,组件
掌趣科技,拳皇98
龙头股份,海螺
航天动力,航天动力
以岭药业,护肝片
国信证券,国信证券
联想集团,联想
香港中旅,世界之窗
今世缘,今世缘
三一重工,三一重工
宝信汽车,捷豹x-type
辉隆股份,氮肥
兰州黄河,兰州黄河
三聚环保,能源
黄山旅游,黄山风景区
宏磊股份,铜管
亚夏汽车,征服者
国美电器,国美在线
徐家汇,徐家汇
伟星股份,拉链
亚夏汽车,英菲尼迪
腾讯控股,马化腾
东方网络,中华五千年
贵州百灵,维c银翘片
云南白药,云南白药
王府井,王府井
百大集团,百大
凯龙股份,复合肥
东风汽车,科雷傲
上海电气,电梯
宝信汽车,宝马x1
亚夏汽车,马自达8
宝信汽车,幻影
长安汽车,长安cs35
万家文化,星座
科通芯城,断路器
九安医疗,九安
汇洁股份,曼妮芬
中国移动,中国移动
上汽集团,上汽通用五菱
华能新能源,华能
朗姿股份,第五季
东风汽车,富康
中国石油化工股份,成品油
腾讯控股,腾讯文学
华宝国际,天宏
百联股份,快客
吉鑫科技,底座
乐凯新材,磁条
七匹狼,七匹狼男装
博瑞传播,博瑞传播
宝信汽车,宝马x6
上汽集团,乐驰
宝信汽车,宝马m6
理工光科,处理器
安妮股份,高清
泸州老窖,国窖1573
维他奶国际,山水
长城汽车,长城m2
亚邦股份,染料
广汽集团,自由光
大有能源,焦煤
亚夏汽车,同悦
宝信汽车,卫士
上海电气,接触器
比亚迪,比亚迪s6
东风汽车,风行cm7
中国石油化工股份,柴油
国美电器,国美电器
双塔食品,红薯粉丝
*ST百花,焦炭
soho中国,银河soho
唐山港,唐山港
兴业矿业,铁矿石
永和智控,球阀
百丽国际,彪马
科通芯城,光通信
宝信汽车,普锐斯
腾讯控股,朋友圈
襄阳轴承,轴承
永辉超市,永辉超市
长城汽车,哈弗suv
中国食品,健怡
中国食品,可口可乐
东诚药业,透明质酸
华媒控股,杭州日报
正泰电器,继电器
长江证券,长江证券
上海天洋,热熔胶
宝信汽车,开迪
三棵树,三棵树
中集集团,中集
汤臣倍健,胶原蛋白
紫金矿业,紫金矿业
沱牌舍得,沱牌
醋化股份,医药
冠福股份,不锈钢
凯撒文化,锦绣未央
金龙汽车,金威
新世界,新世界
开润股份,拉杆箱
网龙,机战
康师傅控股,冰糖雪梨
宝信汽车,奥迪tt
宝信汽车,granturismo
快乐购,快乐购
银鸽投资,白云
安妮股份,风格
中国石油化工股份,天然气
亚夏汽车,嘉年华
招商银行,招商银行信用卡
中国粮油控股,我买网
众兴菌业,杏鲍菇
莱克电气,莱克
宏图高科,宏图三胞
长城汽车,欧拉
强力新材,树脂
中国旺旺,旺仔牛奶
完美世界,dota2
天喻信息,智能卡
比亚迪,速锐
宝信汽车,卡罗拉
中科创达,软件开发
莎莎国际,莎莎网
华联控股,千岛湖
朗姿股份,莱茵
远大智能,货梯
福田汽车,萨普
激智科技,保护膜
华明装备,铣床
九华旅游,九华山
东方证券,东方证券
上海银行,上海银行
宝信汽车,奇骏
上汽集团,晶锐
富春环保,蒸汽
天海防务,船舶
金力泰,面漆
德豪润达,雷士照明
金禾实业,安赛蜜
青岛海尔,海尔电器
中国食品,美汁源
联想集团,小新
诚志股份,草珊瑚
中顺洁柔,洁柔
上汽集团,荣威350
汉威电子,智慧城市
龙力生物,龙力
中国西电,电镀
*ST五稀,试剂
创维数字,创维
红宇新材,衬板
广汽集团,星朗
东风汽车,雪铁龙c2
金山软件,金山打字
爱尔眼科,白内障
梦百合,记忆棉
万家文化,全职高手
湘油泵,减速机
金禾实业,三聚氰胺
江铃汽车,驭胜
招商证券,招商证券
海马汽车,海马m3
维力医疗,导尿管
广济药业,核黄素
亚夏汽车,科迈罗
亚夏汽车,嘉华
天马精化,原料药
金科娱乐,双氧水
百丽国际,the north face
申洲国际,nike
天通股份,天通股份
亚夏汽车,一汽丰田
嘉欣丝绸,丝绸
新野纺织,棉布
九洲电气,框架
东风汽车,标致508
游久游戏,君临天下
瑞泰科技,窑炉
宁沪高速,宁沪高速
宝信汽车,高尔夫
恒生电子,恒生电子
大家乐集团,大家乐
*ST宇顺,智能家居
唐德影视,唐德影视
久远银海,新农合
中国铝业,铝箔
桃李面包,桃李面包
广信股份,草甘膦
西陇科学,氢氧化钠
新莱应材,阀门
向日葵,向日葵
青青稞酒,青稞酒
万年青,万年青
兴业银行,兴业银行
比亚迪,福莱尔
法兰泰克,起重机
百丽国际,clarks
星徽精密,铰链
复星医药,复星医药
一汽轿车,一汽马自达
北京君正,芯片
大有能源,无烟煤
亚夏汽车,马自达
高争民爆,雷管
天海防务,新能源
浙江美大,集成灶
南宁糖业,白砂糖
凯龙股份,硝酸铵
一汽轿车,夏利
祁连山,祁连山
光汇石油,石油
盛通股份,杂志
东方财富,东方财富网
康师傅控股,康师傅红烧牛肉面
宝信汽车,西玛
人民网,人民日报
龙宇燃油,柴油
中国联通,中国联通网上营业厅
久远银海,养老保险
宝信汽车,凯迪拉克sts
达利食品,和其正凉茶
创科实业,empire
上汽集团,科帕奇
元力股份,活性炭
百丽国际,百丽
新世界,新世界百货
万洲国际,双汇
中文在线,中文在线
中文传媒,音像制品
杉杉股份,杉杉
罗莱生活,罗莱家纺
腾讯控股,腾讯网
康师傅控股,每日c
香雪制药,护肝片
伟星股份,水电
大族激光,大族激光
南极电商,卡帝乐鳄鱼
好想你,抱抱果
开开实业,雷允上
周大福,周大福
天喻信息,终端
传化智联,染料
上海实业控股,青年汇
张家界,天门山
爱尔眼科,角膜病
朗姿股份,卓可
农业银行,农业银行
麦迪电气,套管
国电南自,变电站
久联发展,雷管
宝信汽车,保时捷
三元股份,三元
开润股份,服装
上汽集团,mg3
铁岭新城,铁岭
腾讯控股,腾讯手机管家
广汽集团,传祺gs5
四维图新,四维图新
百丽国际,asics
中国恒大,恒大名都
完美世界,完美国际
龙头股份,三枪
格力电器,格力空调
合生元,合生元
全聚德,全聚德
广汽集团,菲翔
金马股份,大迈x5
长安汽车,长安马自达
轴研科技,轴承
维达国际,维达
金洲慈航,光明家具
上汽集团,科鲁兹
大连港,引航
新华保险,新华保险
奋达科技,奋达
欧普照明,欧普照明
广汽集团,锋范
西宁特钢,铁水
蒙牛乳业,未来星
圆通速递,圆通速递
上海家化,高夫
方大特钢,螺纹钢
东软集团,东软集团
中国重汽,垃圾车
杭氧股份,混合气
宝信汽车,cayman
振东制药,洗手液
海通证券,海通
杭氧股份,钢结构
游久游戏,战鼓
交通银行,交通银行信用卡中心
福田汽车,迷迪
汤臣倍健,汤臣倍健
金山软件,剑网3
四通股份,浴室柜
宝信汽车,宝马
中原内配,活塞
哈森股份,哈森
人民网,环球时报
美邦服饰,美特斯邦威
游族网络,游族
新洋丰,化肥
海马汽车,海马s5
华泰证券,华泰证券
康师傅控股,冰红茶
亚夏汽车,瑞风s5
宝信汽车,捷豹s-type
上汽集团,赛欧
中天科技,光纤
科通芯城,振荡器
顺鑫农业,牛栏山
广汽集团,指南者
亚夏汽车,马自达cx-5
西部证券,西部证券
中信股份,中信银行
联想集团,ideapad
烽火通信,光纤
珠江钢琴,珠江钢琴
海马汽车,福美来
亚夏汽车,马自达mx-5
大华股份,大华股份
搜于特,潮流前线
承德露露,核桃露
上海家化,六神
吉利汽车,沃尔沃s80l
永东股份,炭黑
和邦生物,纯碱
亚夏汽车,本田cr-v
宝信汽车,骐达
聚隆科技,离合器
佛慈制药,逍遥丸
丰林集团,纤维板
长城汽车,哈弗h8
金山软件,剑侠情缘
马应龙,马应龙
东信和平,ic卡
广汽集团,广汽本田
长白山,长白山天池
上海梅林,大白兔
龙力生物,木糖醇
亚盛集团,亚盛集团
宏磊股份,铜线
博世科,水处理
君正集团,氢氧化钠
全志科技,全志科技
中国天平,太平人寿
永和智控,安全阀
群兴玩具,群兴
千金药业,千金
歌华有线,歌华有线
一拖股份,柴油机
平安银行,平安银行
汤臣倍健,螺旋藻
白云山,王老吉
香港中旅,国旅
恒锋工具,滚刀
双象股份,包装膜
乐凯胶片,乐凯
六福集团,六福
华泰证券,华泰
凯中精密,连接器
台海核电,高低温
荣之联,软件开发
盛通股份,工具书
胜利精密,散热器
东方财富,东方财富
新疆浩源,天然气
北京银行,北京银行
山东黄金,山东黄金
亚夏汽车,翼搏
雅居乐集团,雅居乐
维他奶国际,柠檬茶
风范股份,路灯杆
中信股份,中信证券
易尚展示,虚拟现实
中国太保,太平洋保险
百丽国际,belle
宝信汽车,奥迪a1
长安汽车,奔奔
百丽国际,匡威
中钢国际,电机
舒泰神,阿司匹林
多喜爱,多喜爱
中能电气,指示器
智飞生物,疫苗
西部建设,混凝土
福达股份,曲轴
东方网络,十万个为什么
凤凰传媒,期刊
苏利股份,阻燃剂
岭南园林,岭南园林
新乡化纤,氨纶
锐奇股份,抛光机
晨化股份,阻燃剂
宝信汽车,奥迪a8
完美世界,西游伏妖篇
锐奇股份,钻孔机
一汽轿车,奔腾x80
九阳股份,九阳
东风汽车,赛纳
*ST钱江,钱江摩托
亚夏汽车,思铂睿
维宏股份,控制卡
中国食品,福临门
华侨城A,深圳欢乐谷
三五互联,数据库
东风汽车,东风悦达起亚
鞍重股份,振动筛
百丽国际,nike
海南橡胶,海南橡胶
百丽国际,vans
东风汽车,世嘉
巨力索具,护套
老百姓,老百姓
亚夏汽车,启辰
华伍股份,造纸
香梨股份,库尔勒香梨
慈文传媒,慈文传媒
威帝股份,传感器
掌趣科技,不良人
万家文化,绝地逃亡
金山软件,猎豹移动
菲利华,半导体
海马汽车,海马爱尚
海康威视,海康威视
承德露露,露露杏仁露
安妮股份,热带鱼
达利食品,和其正
五洋科技,搅拌站
宝信汽车,mini
康师傅控股,百事可乐
新澳股份,纱线
宝信汽车,宝马z4
巨轮智能,数控机床
中国天然气,天然气
飞科电器,飞科
亚夏汽车,赛拉图
百丽国际,耐克
广汽集团,汉兰达
达利食品,达利园花生牛奶
*ST建峰,氮气
纳尔股份,离型纸
宝信汽车,奥迪s5
新澳股份,毛条
诺力股份,搬运车
苏宁环球,天润城
太阳能,光伏
南方传媒,印务
青岛海尔,海尔
新文化,电影
诚志股份,清华同方
惠达卫浴股份有限公司,惠达
宝信汽车,劳斯莱斯
上海家化,可采
航天通信,航天通信
中国软件,中国软件
福田汽车,福田汽车
腾讯控股,朋友圈广告
步森股份,步森
华闻传媒,新文化报
龙头股份,皇后
正泰电器,正泰电器
沃森生物,疫苗
科林环保,除尘器
苏宁云商,苏宁电器
雅士利国际,施恩
亚夏汽车,悦悦
亚夏汽车,狮跑
北京汽车,朗动
金力泰,涂料
东风汽车,东风风行
荣泰健康,按摩垫
喜临门,喜临门
古井贡酒,古井贡
五粮液,五粮春
华媒控股,萧山日报
东风汽车,凯旋
创新股份,包装盒
长安汽车,长安奔奔
锐奇股份,水钻
上汽集团,荣威
长安汽车,志翔
九芝堂,九芝堂
金山软件,金山软件
美菱电器,美菱电器
吉利汽车,沃尔沃s80
世纪游轮,街机三国
亚夏汽车,上海大众
太平鸟,太平鸟
华中数控,探测器
三圣股份,水泥
红墙股份,增强剂
比亚迪,比亚迪唐
万家文化,绿豆蛙
上汽集团,速派
数据港,数据中心
上汽集团,景程
山东章鼓,鼓风机
贵州茅台,茅台酒
中天科技,光缆
安诺其,颜料
高乐股份,高乐
风范股份,雪橇
康泰生物,乙肝疫苗
杭氧股份,氮气
徽商银行,徽商银行
德艺文化创意集团股份有限公司,飞羽
国民技术,元器件
宝信汽车,法拉利

